NAME,TEAM,CUR,POS,AGE,GP,MpG,USG%,TO%,FTA,FT%,2PA,2P%,3PA,3P%,eFG%,TS%,PpG,RpG,ApG,SpG,BpG,TOpG,P+R,P+A,P+R+A,VI,ORtg,DRtg
Shai Gilgeous-Alexander,Okc,*,G,26.6,58,34.2,34.5,10.8,518,0.894,906,0.581,328,0.366,0.572,0.641,32.3,5.2,6.1,1.9,1,2.6,37.5,38.4,43.6,11.8,128.2,104.7
Giannis Antetokounmpo,Mil,*,F,30.2,47,34.1,36,14.2,489,0.589,912,0.624,40,0.2,0.61,0.621,30.9,12.1,5.9,0.7,1.3,3.3,42.9,36.7,48.8,15.3,119.2,104.1
Nikola Jokic,Den,*,C,30,54,36,29.4,14.6,331,0.822,793,0.619,240,0.442,0.629,0.667,29.1,12.7,10.5,1.8,0.7,3.3,41.8,39.6,52.3,17.5,133.8,107.2
Luka Doncic,Dal,,F-G,26,22,35.7,33,13.9,146,0.767,254,0.555,212,0.354,0.544,0.584,28.1,8.3,7.8,2,0.4,3.4,36.5,36,44.3,13.7,115.8,106.6
Anthony Edwards,Min,*,G,23.6,58,36.6,31.7,14.2,352,0.835,617,0.467,587,0.405,0.536,0.583,27.3,6,4.6,1.2,0.6,3.4,33.3,31.9,37.9,9.9,111.4,109.6
Jayson Tatum,Bos,*,F-G,27,57,36.4,30.9,12.3,356,0.801,574,0.556,578,0.355,0.544,0.588,27,8.8,5.8,1.1,0.5,2.8,35.8,32.8,41.6,12.2,117.2,105.6
Tyrese Maxey,Phi,*,G,24.3,51,38,30.2,10.3,289,0.879,607,0.519,471,0.34,0.515,0.566,26.7,3.4,6.1,1.8,0.4,2.4,30.2,32.8,36.2,8.6,114.7,114.7
Kevin Durant,Pho,*,F,36.4,47,36.7,28.7,13.9,275,0.829,583,0.593,279,0.401,0.596,0.639,26.7,5.9,4.3,0.9,1.3,3,32.7,31,36.9,9.6,116.6,116.4
Devin Booker,Pho,*,G,28.3,54,37.3,29.3,12.4,371,0.898,608,0.531,420,0.345,0.526,0.593,26.2,4,6.9,1.1,0.3,2.7,30.1,33.1,37,9.6,119.6,116.1
LaMelo Ball,Cha,*,G,23.5,37,32.3,36.3,13.8,189,0.831,382,0.495,431,0.334,0.498,0.54,26.1,5.1,7,1.2,0.3,3.5,31.3,33.1,38.3,12.1,109,107.7
Jalen Brunson,Nyk,*,G,28.5,58,35.2,29.4,11.8,400,0.825,729,0.532,340,0.397,0.552,0.607,26.1,2.9,7.4,0.9,0.1,2.5,29,33.4,36.4,9.4,124.1,114.3
Anthony Davis,Dal,*,F-C,32,1,30.9,29.9,5.2,6,0.667,16,0.5,2,1,0.611,0.63,26,16,7,0,3,1,42,33,49,18.5,139,111.6
Anthony Davis,Lal,,F-C,32,42,34.3,30.2,10.9,321,0.788,663,0.561,94,0.298,0.547,0.602,25.7,11.9,3.4,1.3,2.1,2.2,37.6,29.1,41,11.8,120.3,106.2
Damian Lillard,Mil,*,G,34.6,49,36.4,28,14.5,339,0.92,402,0.522,450,0.38,0.548,0.622,25.4,4.7,7.3,1.2,0.2,3,30.1,32.7,37.4,10.5,121.9,111.8
Cade Cunningham,Det,*,G,23.4,56,35.3,32.4,17.7,279,0.853,798,0.497,349,0.364,0.512,0.556,25.2,6.2,9.4,1,0.8,4.4,31.4,34.6,40.8,12.9,110.9,108.8
Franz Wagner,Orl,*,F,23.5,41,33.3,31.9,10.6,228,0.851,554,0.54,251,0.307,0.515,0.565,25,5.6,4.9,1.4,0.4,2.3,30.6,29.8,35.4,10.6,113.8,105.1
De'Aaron Fox,Sac,,G,27.2,45,37,28.8,13.1,246,0.829,597,0.539,286,0.322,0.521,0.567,25,5,6.1,1.5,0.4,3,30,31.1,36.1,9.9,113.2,111.4
Kyrie Irving,Dal,*,G,32.9,49,36.6,27.2,10.5,211,0.915,582,0.517,359,0.401,0.549,0.593,25,4.9,4.7,1.3,0.5,2.2,29.9,29.7,34.6,9.1,118.6,113.3
LeBron James,Lal,*,F,40.2,54,34.7,30.7,17.6,246,0.764,678,0.58,314,0.395,0.584,0.612,24.9,8.1,8.6,0.9,0.6,3.9,33,33.5,41.6,13.9,116.5,110.6
Karl-Anthony Towns,Nyk,*,C-F,29.3,53,35,27,13.2,298,0.836,636,0.571,255,0.427,0.591,0.637,24.6,13.3,3.2,1,0.8,2.5,37.9,27.8,41.1,11.6,123.8,102.9
Victor Wembanyama,San,*,F-C,21.2,46,33.2,30.3,14.8,189,0.836,454,0.586,403,0.352,0.559,0.594,24.3,11,3.7,1.1,3.8,3.2,35.3,27.9,38.9,12,109.1,106.8
Cam Thomas,Bro,*,G,23.4,20,31.8,32,13.2,131,0.878,206,0.505,148,0.365,0.523,0.589,24.3,3.5,3.3,0.7,0.1,2.7,27.8,27.6,31.1,8.2,111.8,114.8
Zion Williamson,Nor,*,F,24.7,22,28.3,35.1,15.5,182,0.637,359,0.571,12,0.25,0.565,0.593,24.3,7.5,5,1.3,1,3.1,31.8,29.3,36.8,13.7,114.9,110.8
Donovan Mitchell,Cle,*,G,28.5,56,31.2,30.8,9.7,247,0.822,534,0.515,511,0.395,0.553,0.589,24.3,4.3,4.8,1.3,0.2,2,28.5,29.1,33.3,10.2,119.2,108.8
Norman Powell,Lac,*,G,31.8,45,33.6,27.2,10.8,221,0.819,411,0.555,353,0.428,0.595,0.633,24.2,3.6,2.2,1.3,0.2,2.1,27.8,26.4,30,6.9,118.2,109.6
Tyler Herro,Mia,*,G,25.1,56,35.7,28.2,12.8,246,0.862,469,0.563,545,0.372,0.561,0.601,24.1,5.4,5.7,0.8,0.1,2.7,29.5,29.8,35.2,10.1,115.8,113.3
Stephen Curry,Gol,*,G,37,51,32.1,29.4,13.7,194,0.933,344,0.532,573,0.396,0.571,0.613,24.1,4.5,6.2,1.1,0.4,2.9,28.5,30.2,34.7,10.9,118.3,112.9
Zach LaVine,Chi,,G,30,42,34.1,26.6,14.6,182,0.797,405,0.56,305,0.446,0.607,0.637,24,4.8,4.5,0.9,0.2,2.9,28.8,28.5,33.3,9.4,114.8,116.8
Trae Young,Atl,*,G,26.5,56,36.3,29.3,21.1,407,0.86,517,0.476,492,0.331,0.486,0.56,23.8,3.1,11.4,1.2,0.2,4.8,26.9,35.2,38.3,10.4,111.3,115.3
Joel Embiid,Phi,*,C-F,31,19,30.2,34.6,16.4,169,0.882,238,0.492,77,0.299,0.481,0.58,23.8,8.2,4.5,0.7,0.9,3.3,31.9,28.3,36.4,12.7,113.7,110.4
Paolo Banchero,Orl,*,F,22.3,27,33.2,33.8,13.6,219,0.676,362,0.483,157,0.299,0.473,0.519,23.7,7,4.9,0.6,0.8,3,30.7,28.5,35.5,11.2,103.5,106.9
Jaylen Brown,Bos,*,G-F,28.4,50,35.1,29.2,12.5,264,0.754,628,0.533,299,0.324,0.518,0.556,23.2,6,4.7,1.2,0.3,2.7,29.2,27.9,33.9,9.9,112,106.8
Jaren Jackson Jr.,Mem,*,F-C,25.5,58,29.8,28.8,11.6,342,0.772,668,0.557,304,0.365,0.554,0.597,23.1,5.9,2.2,1.3,1.7,2.2,29.1,25.3,31.2,9,115.9,103.9
Zach LaVine,Sac,*,G,30,10,36.2,25,14.8,38,0.895,92,0.587,75,0.373,0.575,0.615,22.6,4,4.2,1,0.1,2.9,26.6,26.8,30.8,8,113.3,116
Brandon Ingram,Nor,*,F,27.5,18,33.1,30.1,17.1,55,0.855,218,0.514,115,0.374,0.53,0.56,22.2,5.6,5.2,0.9,0.6,3.8,27.8,27.4,32.9,10.4,103.5,115.1
DeMar DeRozan,Sac,*,G-F,35.6,54,35.9,24,7.5,300,0.873,729,0.517,161,0.354,0.52,0.581,22,3.9,3.9,1,0.4,1.3,25.9,25.9,29.8,7.7,120.7,114.4
CJ McCollum,Nor,*,G,33.5,45,33.2,27.2,9,151,0.728,449,0.512,370,0.373,0.534,0.556,21.9,3.8,3.8,0.7,0.5,1.8,25.6,25.7,29.5,8.2,111.3,117.6
Trey Murphy III,Nor,*,F,24.7,44,35.7,23.6,10.2,196,0.888,336,0.542,376,0.375,0.553,0.602,21.8,5.1,3.8,1.1,0.7,1.8,27,25.6,30.7,8.4,119.5,117.1
RJ Barrett,Tor,*,F-G,24.7,47,33.4,28.5,14.6,251,0.657,562,0.528,247,0.352,0.528,0.555,21.7,6.4,5.6,0.8,0.3,2.9,28.1,27.3,33.7,11,108.1,112.2
James Harden,Lac,*,G,35.5,56,34.6,29.9,22,389,0.882,438,0.443,476,0.34,0.478,0.561,21.7,5.9,8.5,1.5,0.6,4.6,27.6,30.3,36.1,11.9,108.8,107.2
Jalen Green,Hou,*,G,23.1,60,33.4,27.3,12.6,238,0.832,574,0.49,498,0.359,0.513,0.551,21.6,4.4,3.1,0.8,0.3,2.6,26,24.7,29.1,8,109.5,110.1
Darius Garland,Cle,*,G,25.1,55,30.1,27.7,13.6,194,0.871,477,0.545,381,0.423,0.584,0.621,21.3,2.5,6.7,1.1,0.2,2.5,23.9,28,30.5,9.4,124,110.2
Jamal Murray,Den,*,G,28,53,36,24,11.6,184,0.87,574,0.512,314,0.404,0.546,0.583,21.3,3.8,6,1.4,0.5,2.2,25.1,27.3,31.1,8.7,117.7,114.1
Brandon Miller,Cha,*,F,22.3,27,34.2,27.5,13.4,79,0.861,198,0.475,293,0.355,0.509,0.54,21,4.9,3.6,1.1,0.7,2.8,25.9,24.7,29.5,8.4,104.4,110.9
Jalen Williams,Okc,*,G-F,23.9,56,32.8,27.2,11.8,223,0.78,669,0.526,281,0.352,0.527,0.561,21,5.5,5.2,1.7,0.7,2.3,26.5,26.2,31.7,10.3,113.3,103.3
Jordan Poole,Was,*,G,25.7,51,31.3,28.8,16.7,226,0.876,354,0.486,478,0.37,0.526,0.576,21,3.3,4.8,1.4,0.5,3.3,24.3,25.8,29.1,8.9,107,113.1
Luka Doncic,Lal,*,F-G,26,7,31,35,16,51,0.765,68,0.485,58,0.241,0.429,0.495,21,8.6,6.4,1.7,0.6,3.4,29.6,27.4,36,13.5,101.9,101.3
Ja Morant,Mem,*,G,25.6,37,29.4,31.3,19.1,230,0.835,419,0.499,188,0.287,0.478,0.545,20.9,4.1,7.4,1.2,0.3,3.9,24.9,28.3,32.4,11.7,109,109.7
Pascal Siakam,Ind,*,F,30.9,58,33,23.9,7.7,236,0.75,631,0.564,246,0.415,0.58,0.609,20.6,7.3,3.3,0.9,0.4,1.3,27.9,23.9,31.2,9.6,123,110.4
Scottie Barnes,Tor,*,F-G,23.6,46,34.7,26.5,14.8,212,0.778,550,0.524,223,0.269,0.489,0.532,20,7.8,6.2,1.4,1.1,2.9,27.8,26.2,34,11.4,107.7,112.7
Miles Bridges,Cha,*,F,26.9,45,32.1,27.2,11.3,165,0.867,451,0.503,309,0.32,0.494,0.537,19.9,7.7,3.8,0.8,0.6,2.2,27.6,23.6,31.4,10.4,108.9,112.1
De'Aaron Fox,San,*,G,27.2,11,34.7,26.4,14.1,55,0.8,122,0.508,61,0.262,0.47,0.521,19.6,4.3,6.8,2.1,0.5,2.7,23.9,26.5,30.7,9.6,106.8,109.4
Domantas Sabonis,Sac,*,F-C,28.8,56,35.2,21.4,18.8,237,0.747,589,0.633,132,0.432,0.636,0.663,19.5,14.1,6.2,0.6,0.4,3,33.7,25.7,39.8,13.6,128,104.7
Lauri Markkanen,Uta,*,F-C,27.8,43,32.1,23.8,8.4,179,0.872,281,0.527,363,0.347,0.523,0.574,19.3,6.1,1.6,0.8,0.4,1.4,25.4,20.9,27,7.1,116.8,117.3
Alperen Sengun,Hou,*,C,22.6,57,31.1,26.7,14.1,323,0.693,789,0.515,79,0.228,0.499,0.54,19.1,10.6,4.8,1.1,0.8,2.5,29.7,23.9,34.5,12.7,114.1,101.2
Austin Reaves,Lal,*,G,26.8,53,34.3,23.4,15.1,264,0.867,350,0.537,373,0.362,0.54,0.602,19.1,4.2,6,1.1,0.3,2.4,23.3,25,29.3,9.1,119.3,111.5
Nikola Vucevic,Chi,*,C,34.4,56,32.1,22.5,10.5,120,0.817,564,0.599,256,0.387,0.593,0.614,19.1,10.3,3.4,0.9,0.7,1.7,29.4,22.5,32.8,10.9,120.5,110.2
De'Andre Hunter,Atl,,F-G,27.2,37,28.7,24.1,10.7,176,0.858,245,0.531,247,0.393,0.56,0.616,19,3.9,1.5,0.8,0.1,1.6,22.9,20.5,24.4,6.7,116.7,111.7
Jalen Johnson,Atl,*,F,23.2,36,35.7,22.4,16.3,126,0.746,402,0.565,141,0.312,0.54,0.568,18.9,10,5,1.6,1,2.9,28.9,23.9,33.9,11,109,110.8
Kristaps Porzingis,Bos,*,F-C,29.6,32,28.9,25.3,8,144,0.813,244,0.529,191,0.403,0.562,0.608,18.9,6.8,1.9,0.8,1.6,1.2,25.7,20.9,27.7,8.7,122.9,102.5
Julius Randle,Min,*,F-C,30.3,48,32.6,25.4,16.8,249,0.811,452,0.542,221,0.321,0.522,0.578,18.9,7.2,4.5,0.7,0.2,2.8,26,23.3,30.5,10.4,114,106.9
Cameron Johnson,Bro,*,F,29,45,31.7,22.8,11.2,175,0.897,257,0.568,336,0.396,0.583,0.633,18.8,4.1,2.9,0.9,0.5,1.7,22.9,21.8,25.8,7.7,122.1,114.4
Michael Porter Jr.,Den,*,F,26.7,57,33.3,20.7,8.9,142,0.754,429,0.594,362,0.412,0.605,0.623,18.7,6.8,2.2,0.6,0.4,1.4,25.5,20.8,27.7,7.9,122.5,113.2
Evan Mobley,Cle,*,C,23.7,53,30,23.3,13.3,222,0.757,514,0.63,155,0.368,0.612,0.644,18.6,9.3,3.1,0.8,1.6,1.9,27.9,21.7,31,10.8,125.7,105.3
Anfernee Simons,Por,*,G,25.7,56,32.4,24.3,12.2,154,0.896,407,0.489,456,0.368,0.523,0.559,18.6,2.8,5,0.8,0.1,2.1,21.3,23.6,26.4,7.9,113.7,116.6
John Collins,Uta,*,F-C,27.4,38,30.5,23.8,17,155,0.852,355,0.575,134,0.418,0.589,0.635,18.6,8.2,2.1,1,1.1,2.6,26.8,20.7,28.8,9,115.9,110.5
Tyrese Haliburton,Ind,*,G,25,57,34,21.5,11.1,167,0.856,339,0.569,450,0.384,0.574,0.608,18.4,3.5,8.8,1.4,0.6,1.7,21.8,27.1,30.6,9.7,127.6,116.4
Dennis Schroder,Bro,,G,31.5,23,33.6,23.7,15.3,81,0.889,175,0.509,150,0.387,0.542,0.588,18.4,3,6.6,1.1,0.2,2.6,21.4,25,28,8.5,116.1,112.8
Desmond Bane,Mem,*,G,26.7,48,31.1,22.7,15.7,133,0.872,389,0.571,278,0.378,0.569,0.603,18.2,5.9,5.4,1.2,0.4,2.6,24.1,23.7,29.5,10.7,117.8,108.1
Coby White,Chi,*,G,25,53,32.7,23.1,14.1,174,0.902,327,0.511,430,0.365,0.532,0.577,18.2,3.3,4.6,1,0.2,2.3,21.5,22.8,26.1,8,110.4,115.3
Collin Sexton,Uta,*,G,26.2,47,28.3,26.2,15.4,181,0.895,420,0.51,215,0.414,0.547,0.6,18.2,2.9,4.1,0.7,0.1,2.5,21.1,22.3,25.1,8.5,116.2,117.1
Bradley Beal,Pho,*,G,31.7,41,33,22.6,12.8,114,0.816,355,0.561,204,0.407,0.579,0.607,18,3.6,3.6,1.1,0.6,2,21.7,21.7,25.3,7.5,114.5,114.3
Andrew Wiggins,Mia,*,F,30,6,35.3,24.9,15.6,39,0.821,48,0.438,38,0.289,0.436,0.519,17.8,4.8,3.3,1.2,1,2.7,22.7,21.2,26,7.4,103.4,113.1
Malik Monk,Sac,*,G,27.1,51,32.6,24.1,13.8,142,0.88,411,0.543,347,0.32,0.514,0.551,17.7,3.9,5.9,1,0.6,2.4,21.6,23.6,27.5,9.1,111.1,111
Jaden Ivey,Det,*,G,23,30,29.9,26,17.7,116,0.733,259,0.49,154,0.409,0.536,0.569,17.6,4.1,4,0.9,0.4,3,21.7,21.6,25.7,8.8,107.3,110.4
Mikal Bridges,Nyk,*,G-F,28.5,59,37.9,19.2,9.2,66,0.727,502,0.594,371,0.356,0.568,0.576,17.6,3.1,3.3,1,0.6,1.5,20.7,20.9,24,6,114.9,117.3
Andrew Wiggins,Gol,,F,30,43,30.1,23.3,8.7,179,0.777,340,0.491,248,0.379,0.524,0.566,17.6,4.6,2.3,0.9,0.8,1.3,22.1,19.9,24.5,7.6,115.6,112.2
Shaedon Sharpe,Por,*,G,21.8,52,29.8,24.9,11.5,161,0.789,430,0.542,321,0.327,0.52,0.552,17.5,3.8,2.6,0.8,0.3,1.9,21.2,20,23.8,7.5,109.1,115.2
Dejounte Murray,Nor,*,G,28.4,31,32.7,27.2,17.5,124,0.823,320,0.444,174,0.299,0.445,0.494,17.5,6.5,7.4,2,0.4,3.4,23.9,24.8,31.3,11.5,101.1,113.6
Kawhi Leonard,Lac,*,F,33.7,18,27.4,28.1,12.6,43,0.767,179,0.492,85,0.388,0.521,0.544,17.1,4.7,2.8,1.3,0.4,2.1,21.8,19.9,24.7,8.9,104.2,108.5
Jimmy Butler,Mia,,F,35.5,25,30.6,21,10.2,161,0.801,227,0.568,36,0.361,0.565,0.638,17,5.2,4.8,1.1,0.4,1.2,22.3,21.8,27.1,9.8,135.8,114.6
Bam Adebayo,Mia,*,C-F,27.6,56,34.1,22.8,13.5,222,0.734,623,0.522,145,0.31,0.511,0.548,16.9,9.9,4.3,1.2,0.7,2.1,26.8,21.3,31.2,10.5,112.9,107.1
Jonathan Kuminga,Gol,*,F,22.4,32,26,27.5,10.6,169,0.639,307,0.502,116,0.345,0.506,0.539,16.8,5,2.2,0.9,0.6,1.6,21.7,18.9,23.9,8.8,107.8,108.7
Quentin Grimes,Phi,*,G,24.8,9,31.4,20.8,10.5,24,0.583,54,0.63,56,0.411,0.623,0.626,16.8,5.4,2.8,1.1,0.7,1.4,22.2,19.6,25,8.1,120.5,113.6
Malik Beasley,Det,*,G,28.3,61,27.4,22.9,7.3,101,0.663,224,0.487,572,0.427,0.597,0.605,16.7,2.8,1.7,1,0,1,19.5,18.4,21.2,6.3,117.9,112.9
Jordan Clarkson,Uta,*,G,32.7,32,26.6,27.6,13,118,0.805,234,0.444,207,0.367,0.494,0.539,16.6,3.2,3.9,0.8,0.3,2.1,19.8,20.5,23.7,8.9,109.5,117.8
Keyonte George,Uta,*,G,21.3,49,31.4,24.2,17.1,195,0.8,291,0.464,373,0.343,0.492,0.54,16.5,3.7,6,0.7,0.2,2.8,20.3,22.5,26.3,9.1,109.3,118.6
Paul George,Phi,*,F,34.8,40,32.6,23.8,15.7,97,0.814,297,0.495,262,0.363,0.518,0.547,16.5,5.3,4.3,1.8,0.5,2.6,21.8,20.8,26.1,8.9,104.5,110.2
Jimmy Butler,Gol,*,F,35.5,8,30.1,21.6,8.1,60,0.867,76,0.5,14,0.071,0.439,0.563,16.4,5.8,5.6,1.3,0.4,1,22.1,22,27.8,10.8,132,113.3
Derrick White,Bos,*,G,30.7,57,33.7,19.4,11.6,120,0.842,206,0.583,502,0.39,0.585,0.611,16.3,4.3,4.3,0.9,1.1,1.6,20.6,20.6,24.9,8,122.6,110.1
Bennedict Mathurin,Ind,*,G-F,22.7,55,30.8,22,13.5,225,0.827,436,0.541,223,0.345,0.533,0.586,16.2,5.5,1.9,0.6,0.4,1.9,21.6,18,23.5,7.2,110.7,112.1
Jalen Suggs,Orl,*,G,23.7,35,28.6,27.4,17.5,110,0.882,239,0.506,242,0.314,0.489,0.536,16.2,4,3.7,1.5,0.9,2.9,20.2,19.9,23.9,8.7,100.7,102.8
Immanuel Quickley,Tor,*,G,25.7,21,28.3,24.2,12.4,78,0.859,134,0.463,133,0.376,0.513,0.566,16.2,3.2,5.6,0.5,0.1,1.8,19.5,21.9,25.1,9.4,116.5,115
O.G. Anunoby,Nyk,*,F-G,27.6,53,36.2,18,9.2,130,0.808,365,0.567,307,0.362,0.556,0.584,16.1,4.6,2,1.4,0.8,1.3,20.7,18.1,22.7,5.8,116.7,112.8
Mark Williams,Cha,*,C,23.2,28,25.6,22.7,10.2,118,0.797,297,0.582,1,0,0.581,0.629,15.7,9.8,2.3,0.6,1.2,1.2,25.5,18,27.9,11.1,128.5,103.9
Ivica Zubac,Lac,*,C,28,57,32.1,18.8,13.3,160,0.631,632,0.619,0,0,0.619,0.629,15.5,12.6,2.5,0.8,1.2,1.7,28.1,18,30.6,9.8,124.7,104.5
Myles Turner,Ind,*,C-F,28.9,51,30.9,20.7,13.8,160,0.763,309,0.534,277,0.408,0.571,0.603,15.5,6.5,1.6,0.9,1.8,1.8,22,17.1,23.7,7,110.5,109
Devin Vassell,San,*,G-F,24.5,43,30.2,22.6,9.5,87,0.77,320,0.503,269,0.338,0.505,0.528,15.4,3.5,2.8,1.2,0.5,1.4,18.9,18.2,21.7,7.1,104.5,114.5
Jared McCain,Phi,*,G,21,23,25.7,24.9,11.9,56,0.875,141,0.532,133,0.383,0.553,0.589,15.3,2.4,2.6,0.7,0,1.6,17.7,17.9,20.3,7.1,113.1,115.9
Caris LeVert,Atl,*,G,30.5,8,27.7,20.2,6,24,0.75,50,0.62,43,0.326,0.559,0.589,15.3,4.4,2.1,0.9,0.4,0.8,19.6,17.4,21.8,7.5,119.9,110.3
Chet Holmgren,Okc,*,C-F,22.8,17,26.1,23.3,15.1,74,0.757,118,0.568,61,0.377,0.567,0.612,15.2,8.4,1.9,0.9,2.7,1.9,23.6,17.1,25.5,9.6,116.2,100.4
Kyle Kuzma,Was,,F,29.6,32,27.7,26.9,13.8,98,0.602,295,0.495,160,0.281,0.469,0.488,15.2,5.8,2.5,0.6,0.2,2.3,21,17.7,23.4,8.7,92.9,116.4
Christian Braun,Den,*,G,23.9,59,33.1,15.7,8.4,165,0.83,446,0.648,153,0.366,0.623,0.657,15,5.2,2.2,1.1,0.5,0.9,20.1,17.2,22.3,6.7,131.3,112.1
Naz Reid,Min,*,C-F,25.5,60,27.6,21.7,9.9,121,0.81,356,0.542,345,0.394,0.566,0.591,14.9,6,2.1,0.8,0.9,1.3,20.9,17,23,8.3,116.8,104.7
Kelly Oubre Jr.,Phi,*,F-G,29.2,56,35,18.7,9.8,169,0.763,454,0.557,229,0.293,0.518,0.552,14.9,6.3,1.8,1.5,0.5,1.3,21.2,16.7,23,6.3,111.3,110.4
Kyle Kuzma,Mil,*,F,29.6,10,34.2,21.8,15.8,44,0.682,80,0.475,48,0.292,0.461,0.502,14.8,7.5,2.7,0.5,0.3,2.4,22.3,17.5,25,7.8,96.2,108.2
Gradey Dick,Tor,*,G-F,21.3,53,29.6,21.4,11.4,155,0.858,318,0.472,325,0.351,0.499,0.545,14.6,3.6,1.8,0.9,0.2,1.6,18.2,16.5,20.1,6.2,106.3,114.1
Deni Avdija,Por,*,F,24.2,56,28.4,22,18.7,258,0.764,346,0.549,240,0.338,0.532,0.586,14.6,6.3,3.4,1,0.5,2.4,20.9,18.1,24.4,9.6,112.4,109.2
Josh Hart,Nyk,*,G,30,56,37.7,15.5,17,165,0.806,388,0.652,177,0.339,0.607,0.642,14.6,9.7,5.8,1.5,0.4,2.1,24.3,20.4,30.1,9.9,128.8,108.4
Deandre Ayton,Por,*,C,26.6,40,30.1,19.6,12.8,60,0.667,436,0.594,32,0.188,0.573,0.583,14.4,10.2,1.6,0.8,1,1.7,24.6,16,26.2,8.2,113.6,109
Fred VanVleet,Hou,*,G,31,46,35.5,17.9,10.7,101,0.832,239,0.448,356,0.34,0.485,0.517,14.4,3.9,5.8,1.6,0.4,1.5,18.3,20.2,24.1,7.8,115.9,107.4
Jerami Grant,Por,*,F,31,45,32.5,19.6,10.1,159,0.843,273,0.381,279,0.366,0.466,0.521,14.4,3.5,2.2,0.9,1,1.4,17.9,16.6,20.1,5.9,108,114
Tre Mann,Cha,*,G,24.1,13,24.5,25.9,13.4,21,0.905,101,0.455,60,0.4,0.509,0.537,14.1,2.9,3,0.5,0.3,1.9,17,17.1,20,8.1,105.6,113.2
P.J. Washington,Dal,*,F,26.5,47,32.2,19.7,13.9,150,0.74,348,0.466,198,0.374,0.5,0.537,14,8.1,2.3,1.2,1.1,1.9,22.1,16.3,24.4,7.9,106.5,107.8
Georges Niang,Atl,*,F,31.7,8,27.9,18.3,5.2,11,0.818,30,0.467,60,0.417,0.572,0.59,14,4.8,1.9,0.6,0.5,0.6,18.8,15.9,20.6,7.2,119.1,108.9
Jakob Poeltl,Tor,*,C,29.4,47,30.5,18.2,15.9,121,0.653,472,0.612,2,0,0.61,0.623,14,9.9,2.8,1.1,1.2,1.9,23.9,16.8,26.7,9.6,119.5,106.4
Klay Thompson,Dal,*,G,35.1,53,27.3,21.7,10,50,0.88,227,0.445,413,0.402,0.547,0.562,14,3.5,2,0.8,0.5,1.3,17.5,16.1,19.5,6.8,109.3,114.6
Amen Thompson,Hou,*,G-F,22.1,57,32.3,17.3,17.5,216,0.708,489,0.591,73,0.274,0.568,0.602,13.9,8.2,3.5,1.4,1.3,2.1,22.1,17.4,25.6,9.1,119.4,104.6
Dyson Daniels,Atl,*,G,22,55,34,17.9,13,106,0.604,495,0.527,178,0.337,0.522,0.532,13.9,5.6,4,3,0.8,1.8,19.5,17.9,23.5,8,108,108.9
Payton Pritchard,Bos,*,G,27.1,59,27.9,18.6,8.9,62,0.839,157,0.637,459,0.414,0.625,0.639,13.9,3.8,3.4,0.9,0.2,1,17.7,17.4,21.1,8.1,130.8,110.1
D'Angelo Russell,Bro,*,G,29,17,24,27.6,16.4,60,0.883,87,0.46,107,0.318,0.469,0.533,13.8,2.8,5.8,1.2,0.8,2.2,16.6,19.6,22.4,10.1,110.5,109.2
Tobias Harris,Det,*,F,32.6,59,32,17.6,9.2,131,0.878,443,0.54,219,0.338,0.529,0.566,13.8,5.9,2.3,0.9,0.8,1.1,19.7,16.1,22,7.2,115.4,110.6
De'Andre Hunter,Cle,*,F-G,27.2,7,25.2,17.8,9,18,0.778,27,0.407,33,0.606,0.683,0.707,13.7,3.7,1,0.3,0.3,0.9,17.4,14.7,18.4,5.9,131,106.9
Dillon Brooks,Hou,*,G-F,29.1,57,32.2,17.2,7.9,95,0.821,318,0.44,349,0.393,0.518,0.542,13.5,3.9,1.6,0.8,0.2,1,17.4,15.1,19,5.4,114.5,104.7
Jarrett Allen,Cle,*,C,26.9,59,28.5,15.5,13,190,0.737,458,0.712,3,0,0.707,0.727,13.4,10.2,1.9,0.9,0.9,1.2,23.6,15.4,25.6,9,142.1,105.8
Bobby Portis,Mil,*,F,30.1,47,24.7,24.1,9.1,67,0.821,392,0.505,165,0.364,0.517,0.538,13.4,8.1,2.2,0.7,0.5,1.2,21.6,15.6,23.7,10,109.9,104.6
Rui Hachimura,Lal,*,F,27.1,50,32.1,16.1,8.1,98,0.765,295,0.573,205,0.41,0.59,0.612,13.3,5.2,1.5,0.8,0.5,0.9,18.5,14.8,20,5.9,121.8,111.6
Max Christie,Dal,*,G,22.1,11,32.6,16.6,13.2,25,0.84,61,0.475,50,0.44,0.559,0.594,13.2,4.2,3.5,1,0.5,1.5,17.4,16.6,20.8,7.1,117,113.3
Josh Giddey,Chi,*,G,22.4,56,29.4,20.6,20.5,136,0.779,375,0.504,221,0.38,0.529,0.561,13.1,7.5,6.6,1.1,0.6,2.8,20.6,19.8,27.2,11.8,112.8,112.7
Moritz Wagner,Orl,*,F-C,27.9,30,18.8,26.7,16.4,110,0.718,174,0.649,75,0.36,0.616,0.649,12.9,4.9,1.4,0.8,0.4,1.6,17.8,14.3,19.2,9.5,117.2,101.4
Aaron Gordon,Den,*,F,29.5,36,27,18.2,12.1,108,0.796,221,0.557,106,0.415,0.578,0.619,12.9,4.9,3.1,0.5,0.3,1.3,17.8,16,20.9,8.6,125.9,113.8
Stephon Castle,San,*,G,20.3,57,25.2,24.5,14.6,198,0.737,414,0.486,219,0.279,0.462,0.508,12.8,3,3.5,0.9,0.2,1.9,15.8,16.3,19.3,8.1,102.5,112.7
Santi Aldama,Mem,*,F-C,24.1,52,25.1,18.9,8.9,70,0.7,279,0.588,255,0.376,0.577,0.589,12.8,6.7,2.8,0.8,0.6,1,19.5,15.6,22.3,9.9,123.1,110.7
Malcolm Brogdon,Was,*,G,32.2,24,23.5,23.6,13.7,92,0.88,184,0.478,56,0.286,0.467,0.544,12.7,3.8,4.1,0.5,0.2,1.6,16.5,16.8,20.6,9.9,112.9,118.7
Brook Lopez,Mil,*,C,36.9,58,31.9,15.7,9,97,0.835,274,0.606,294,0.364,0.575,0.601,12.7,4.9,1.8,0.7,2,1,17.6,14.4,19.3,6,119.1,109.9
Russell Westbrook,Den,*,G,36.3,53,27.3,22.8,22.9,163,0.638,362,0.533,186,0.328,0.519,0.543,12.7,5,6.2,1.4,0.5,3.1,17.7,18.9,23.8,10.7,106.5,107.9
Bilal Coulibaly,Was,*,G,20.6,55,33.4,17.9,16.5,176,0.75,374,0.503,218,0.28,0.472,0.516,12.6,5,3.5,1.3,0.7,2.1,17.5,16.1,21.1,7.2,103,116.3
Scoot Henderson,Por,*,G,21.1,52,26.5,22,21,159,0.786,293,0.481,223,0.368,0.512,0.557,12.6,3,5.3,1.2,0.3,2.6,15.5,17.8,20.8,8.8,109.1,109.7
Khris Middleton,Mil,,F,33.6,23,23.2,21.9,14.9,46,0.848,125,0.584,86,0.407,0.595,0.627,12.6,3.7,4.4,0.7,0.2,1.6,16.3,17,20.7,10.2,120.9,105.2
Onyeka Okongwu,Atl,*,F-C,24.2,53,26,17.3,11.2,153,0.732,373,0.638,87,0.287,0.599,0.629,12.5,8.1,2.2,0.8,0.9,1.1,20.6,14.7,22.9,9.3,127.9,108
D'Angelo Russell,Lal,,G,29,29,26.3,22.1,13.8,53,0.849,143,0.51,168,0.333,0.505,0.537,12.4,2.8,4.7,0.8,0.1,1.7,15.1,17,19.8,8.3,108.9,110.6
Keegan Murray,Sac,*,F,24.5,56,34.7,14.8,7.4,61,0.82,283,0.562,319,0.332,0.528,0.545,12.3,6.9,1.4,0.8,0.9,0.9,19.2,13.7,20.6,5.7,114.6,111.2
Ayo Dosunmu,Chi,*,G,25.1,46,30.3,16.6,13.3,79,0.785,260,0.612,189,0.328,0.561,0.585,12.3,3.5,4.5,0.9,0.4,1.5,15.8,16.8,20.3,7.6,116.8,114.2
Daniel Gafford,Dal,*,F-C,26.4,51,21.9,19.1,14.4,173,0.699,362,0.699,0,0,0.699,0.716,12.3,6.9,1.4,0.4,1.9,1.2,19.2,13.7,20.6,9,136.7,103.9
Jaden McDaniels,Min,*,F,24.4,61,32.4,16.1,10.3,105,0.829,383,0.554,237,0.325,0.528,0.557,12.2,5.9,1.9,1.4,0.8,1.2,18,14,19.9,6.4,113.8,104.8
Keldon Johnson,San,*,F-G,25.4,55,23.6,21,8.5,142,0.754,336,0.565,193,0.321,0.535,0.569,12.2,4.5,1.5,0.6,0.2,0.9,16.7,13.7,18.1,7.4,114.6,112.7
Daeqwon Plowden,Atl,*,G-F,26.5,2,16.4,14.8,8.7,2,1,2,1,8,0.75,1.1,1.103,12,2.5,0,0,0,0.5,14.5,12,14.5,0,177,107.3
Corey Kispert,Was,*,F,26,54,26.6,17.5,10.7,71,0.859,214,0.57,297,0.374,0.565,0.588,11.8,3,1.7,0.5,0.2,1.1,14.9,13.5,16.5,5.9,111.8,119.1
Ty Jerome,Cle,*,G-F,27.7,55,19.2,22.9,13.1,101,0.881,264,0.568,192,0.448,0.612,0.646,11.8,2.5,3.3,1.2,0,1.3,14.3,15.1,17.6,9.6,128.2,106.8
Moses Brown,Dal,*,C,25.4,4,18.3,21.4,14.5,6,0.833,29,0.724,0,0,0.724,0.743,11.8,7.8,0.5,1,0.8,1.3,19.5,12.3,20,7.8,129.9,94.8
Terry Rozier,Mia,*,G,31,50,27.5,20.7,10.9,92,0.859,287,0.491,252,0.306,0.476,0.511,11.8,4,2.8,0.6,0.3,1.3,15.8,14.6,18.6,7.4,104.3,112.8
Zach Collins,Chi,*,F-C,27.3,6,25.1,17.3,11.2,21,0.857,29,0.69,18,0.222,0.553,0.622,11.7,8.5,2.8,1,0.5,1,20.2,14.5,23,10.4,135.3,108.9
Alexandre Sarr,Was,*,C,19.9,44,26.8,21,11,95,0.621,279,0.455,212,0.311,0.46,0.48,11.6,6.5,2.2,0.7,1.5,1.4,18.2,13.8,20.4,8.2,99.5,112.9
Tari Eason,Hou,*,F,23.8,39,24.4,18.9,9.9,77,0.753,245,0.547,118,0.356,0.543,0.569,11.6,6.2,1.2,1.9,0.9,1,17.8,12.8,19,7.2,117.9,99.3
Jabari Smith Jr.,Hou,*,F,21.8,38,30.9,15.4,10.2,83,0.855,179,0.497,182,0.346,0.508,0.551,11.5,6.6,1,0.3,0.9,1.1,18.2,12.5,19.1,5.5,114.7,106.5
Jonas Valanciunas,Was,,C,32.8,49,20,23.7,17.2,106,0.896,395,0.567,27,0.259,0.556,0.602,11.5,8.2,2.2,0.4,0.6,1.8,19.8,13.7,22,11.8,114.8,108.3
Jaylen Wells,Mem,*,F,21.5,60,26,16.3,9.3,102,0.824,235,0.54,300,0.383,0.56,0.589,11.4,3.2,1.6,0.6,0.1,0.9,14.6,13,16.2,6,119.8,112.1
Zaccharie Risacher,Atl,*,F,19.9,53,24.2,20.4,10.5,115,0.713,304,0.493,222,0.333,0.496,0.524,11.4,3.7,1.3,0.8,0.5,1.2,15.1,12.7,16.4,6.3,104.2,112.1
Walker Kessler,Uta,*,C,23.6,46,30.4,13.1,17.6,126,0.548,307,0.733,7,0.286,0.726,0.711,11.4,12.1,1.6,0.6,2.3,1.5,23.5,13,25.2,8,133.9,112
Jeremy Sochan,San,*,F,21.8,39,25.7,18.4,15.7,89,0.697,272,0.596,60,0.333,0.578,0.601,11.4,7.1,2.5,0.9,0.5,1.6,18.5,13.9,21,9.1,117.4,107.5
Aaron Wiggins,Okc,*,G,26.2,59,22.3,19.3,8.7,58,0.862,280,0.6,244,0.389,0.593,0.611,11.4,3.7,1.6,0.8,0.3,0.8,15.1,13,16.7,7.3,121.4,106.8
Buddy Hield,Gol,*,G,32.2,60,23.2,20.8,10.6,48,0.813,188,0.516,412,0.364,0.537,0.55,11.4,3.2,1.7,0.9,0.3,1.2,14.6,13.1,16.3,6.8,106,109.1
Harrison Barnes,San,*,F,32.8,58,27.4,14.9,6.4,143,0.797,234,0.56,230,0.413,0.589,0.627,11.4,4,1.7,0.3,0.2,0.6,15.4,13.1,17.2,6.2,129.5,117.8
Jalen Duren,Det,*,C,21.3,58,25.7,15.9,21.6,158,0.69,385,0.699,0,0,0.699,0.712,11.2,10.3,2.6,0.7,1.2,1.8,21.5,13.8,24.1,10.4,131.4,100.1
Naji Marshall,Dal,*,F,27.1,48,25,18.7,14.2,85,0.847,272,0.603,146,0.288,0.543,0.578,11,4.1,2.6,1,0.1,1.4,15.1,13.6,17.7,7.8,113.6,111.7
Donte DiVincenzo,Min,*,G,28.1,42,26.3,19,15.1,50,0.82,98,0.459,295,0.373,0.534,0.555,11,3.8,3.7,1.2,0.2,1.7,14.8,14.7,18.5,8.2,110.5,108.5
Rudy Gobert,Min,*,C,32.7,55,33.3,12.3,17.2,197,0.68,360,0.653,0,0,0.653,0.676,11,10.4,1.8,0.7,1.5,1.4,21.4,12.8,23.2,7.1,132.9,105.8
Khris Middleton,Was,*,F,33.6,4,24.6,21.1,20.7,15,0.867,20,0.55,14,0.214,0.456,0.542,11,4.3,4.5,1.3,0.5,2.3,15.3,15.5,19.8,9.7,105.8,111.6
Duncan Robinson,Mia,*,F,30.9,55,24.2,19.2,11.8,40,0.9,136,0.559,358,0.383,0.57,0.585,10.9,2.4,2.7,0.5,0.1,1.2,13.3,13.5,15.9,6.8,111.7,110.1
Isaiah Hartenstein,Okc,*,C-F,26.8,39,28.3,16.7,17.4,85,0.647,314,0.592,14,0,0.567,0.584,10.9,11.4,3.9,0.8,1.1,1.8,22.4,14.9,26.3,11.1,121.6,95.4
Jordan Hawkins,Nor,*,G,22.8,42,23.2,21.2,8.5,75,0.84,179,0.43,240,0.329,0.467,0.502,10.8,2.6,1.1,0.6,0.5,0.9,13.4,12,14.5,5.4,101.2,121.4
Grayson Allen,Pho,*,G,29.4,48,25,17.1,12.1,82,0.817,97,0.485,279,0.427,0.6,0.629,10.8,3.3,2.1,0.9,0.3,1.1,14.1,12.9,16.2,6.7,119,115.6
Jrue Holiday,Bos,*,G,34.7,47,30.1,16,13,60,0.9,190,0.558,237,0.342,0.533,0.561,10.8,4.3,3.7,1,0.4,1.4,15.1,14.5,18.8,7.4,117.2,109.7
Nikola Jovic,Mia,*,F,21.7,46,25.1,18.2,13.7,87,0.828,168,0.56,210,0.371,0.558,0.593,10.7,3.9,2.8,0.8,0.3,1.3,14.7,13.6,17.5,7.8,115.1,109.1
Brandon Boston Jr.,Nor,*,G,23.3,42,23.6,19.9,12,85,0.788,241,0.485,140,0.35,0.5,0.535,10.7,3.2,2.2,1.3,0.2,1.2,13.9,12.9,16,7.2,107.1,114.9
Guerschon Yabusele,Phi,*,F,29.2,55,26.3,16.4,14.1,99,0.747,214,0.612,211,0.403,0.608,0.631,10.7,5.5,2,0.8,0.4,1.3,16.3,12.7,18.3,7.5,122.4,110.2
Toumani Camara,Por,*,F,24.8,58,32.5,13.9,14.9,91,0.758,260,0.538,237,0.371,0.547,0.571,10.6,5.9,2.1,1.5,0.6,1.5,16.5,12.7,18.6,6.3,114.4,109.5
Kevin Huerter,Chi,*,G-F,26.5,8,24.7,19.1,8,7,0.714,24,0.292,56,0.393,0.5,0.512,10.6,2.4,2.4,1.1,0.1,0.9,13,13,15.4,6.4,105.2,114.1
Dennis Schroder,Gol,,G,31.5,24,26.2,21,16,39,0.744,136,0.419,115,0.322,0.448,0.474,10.6,2.3,4.4,1,0.1,2,12.9,15,17.3,7.3,98.4,106.7
Amir Coffey,Lac,*,G-F,27.7,57,26,15.3,8.8,113,0.912,221,0.529,213,0.408,0.57,0.618,10.5,2.4,1.1,0.5,0.1,0.7,12.9,11.6,14.1,4.7,121.9,110.1
Gary Trent Jr.,Mil,*,G,26.1,54,25.1,16.5,7.1,54,0.833,162,0.475,293,0.42,0.575,0.593,10.5,2.4,1.1,1,0.1,0.6,13,11.7,14.1,4.8,113.7,109.4
Tyus Jones,Pho,*,G,28.8,59,29,16,13.5,49,0.878,223,0.493,295,0.403,0.557,0.575,10.5,2.5,5.9,0.9,0.1,1.4,13,16.4,18.9,7.4,121.2,120.8
Tim Hardaway Jr.,Det,*,G-F,33,57,28.1,15,7.6,102,0.833,155,0.484,329,0.368,0.53,0.565,10.5,2.2,1.6,0.5,0.1,0.7,12.7,12.1,14.4,4.7,115.5,115.5
Grant Williams,Cha,*,F,26.3,16,29.9,14.8,18.5,37,0.838,49,0.551,74,0.365,0.549,0.596,10.4,5.1,2.3,1.1,0.8,1.8,15.5,12.7,17.8,6.6,112.1,108.1
Derrick Jones Jr.,Lac,*,F,28,57,24.9,16.6,10.3,79,0.747,299,0.602,160,0.356,0.578,0.597,10.4,3.5,0.8,1.2,0.4,0.9,13.9,11.2,14.7,4.9,115.8,106.3
Dorian Finney-Smith,Bro,,F,31.8,20,29,14.1,10.2,24,0.625,51,0.51,108,0.435,0.607,0.613,10.4,4.6,1.6,0.9,0.6,0.9,15,12,16.5,5.9,120.4,109.9
Bogdan Bogdanovic,Lac,*,G,32.5,7,24,21.5,12.3,7,0.571,25,0.6,46,0.283,0.486,0.493,10.4,1.4,3.1,1,0.1,1.4,11.9,13.6,15,5.9,100,105
Herbert Jones,Nor,*,F,26.4,20,32.4,14.6,16.9,40,0.825,100,0.53,72,0.306,0.5,0.541,10.3,3.9,3.3,1.9,0.5,1.8,14.2,13.5,17.4,6.3,107.3,112.3
Andrew Nembhard,Ind,*,G-F,25.1,42,28.6,17,18.7,98,0.786,247,0.538,100,0.3,0.513,0.555,10.3,3.2,4.9,1.3,0.1,1.9,13.5,15.2,18.4,7.6,110.4,111.3
Obi Toppin,Ind,*,F,27,55,19.3,19.7,9.8,78,0.795,207,0.72,197,0.34,0.618,0.64,10.2,4,1.6,0.7,0.3,0.8,14.2,11.8,15.8,8.3,122.1,110.7
Quentin Grimes,Dal,,G,24.8,47,22.8,18.4,14.3,81,0.765,164,0.543,201,0.398,0.573,0.599,10.2,3.8,2.1,0.7,0.2,1.3,14,12.4,16.2,7.6,114.4,110.6
Nic Claxton,Bro,*,C,25.9,52,26.7,17.2,13,124,0.54,413,0.559,15,0.067,0.543,0.551,10.2,7.4,2,0.9,1.5,1.2,17.7,12.3,19.7,8,112.1,108.6
De'Anthony Melton,Gol,*,G,26.8,6,20.2,23.3,15.6,8,0.5,19,0.474,35,0.371,0.528,0.53,10.2,3.3,2.8,1.2,0.3,1.7,13.5,13,16.3,9,103.8,99.5
Caris LeVert,Cle,,G,30.5,38,23.8,18.1,14.6,83,0.699,150,0.5,148,0.405,0.554,0.58,10.2,2.8,3.7,0.9,0.5,1.3,13,13.9,16.7,7.9,118.5,110.9
Keon Johnson,Bro,*,G,23,58,23.8,21.8,11.5,93,0.796,282,0.454,294,0.289,0.444,0.474,10.1,3.6,2,1.1,0.4,1.3,13.7,12.1,15.7,7,97.5,107.2
Spencer Dinwiddie,Dal,*,G,31.9,59,25.1,17.4,12.6,162,0.821,232,0.491,233,0.339,0.5,0.558,10.1,2.3,3.7,0.8,0.2,1.1,12.5,13.8,16.1,7,116.7,113.7
Brandin Podziemski,Gol,*,G,22,47,25.6,17.3,11.1,69,0.754,219,0.525,196,0.316,0.501,0.525,10,4.8,3.5,1.1,0.3,1.1,14.8,13.5,18.3,8.6,113,109.7
Julian Champagnie,San,*,F,23.7,58,24,16.8,10.1,60,0.9,127,0.575,344,0.366,0.556,0.581,10,3.9,1.3,0.8,0.5,0.9,13.9,11.2,15.2,6.2,111.8,113.1
Davion Mitchell,Mia,*,G,26.5,8,32.6,12.1,17.5,7,0.857,28,0.571,28,0.5,0.661,0.677,10,1.8,4.1,1.1,0.4,1.5,11.8,14.1,15.9,5.1,126.1,113.5
Ochai Agbaji,Tor,*,G,24.9,54,27,14.1,9,42,0.667,223,0.601,203,0.399,0.6,0.606,10,3.7,1.5,0.8,0.5,0.8,13.6,11.5,15.1,5.7,117.7,114.4
Josh Okogie,Cha,*,G,26.5,7,21.2,20,14.4,19,0.789,30,0.467,23,0.391,0.519,0.57,10,3.4,1.4,2.7,0.7,1.3,13.4,11.4,14.9,6.8,111.8,106.2
Chris Boucher,Tor,*,F,32.1,50,17.2,21.5,7.3,87,0.782,177,0.633,193,0.363,0.586,0.615,10,4.5,0.7,0.5,0.5,0.6,14.5,10.7,15.2,7.3,122,111.1
Bogdan Bogdanovic,Atl,,G,32.5,24,24.9,18.9,14.2,34,0.882,78,0.5,146,0.301,0.469,0.502,10,2.8,2,0.8,0.3,1.5,12.8,12,14.8,6.1,97.4,110.6
Jose Alvarado,Nor,*,G,26.9,36,23.4,17.6,12,45,0.822,106,0.462,187,0.39,0.541,0.566,9.8,2.5,4.5,1.4,0.3,1.1,12.4,14.3,16.9,8.2,120.3,114.7
KJ Martin,Uta,*,F,24.2,5,25.8,13.4,7.8,7,0.571,22,0.818,13,0.231,0.643,0.643,9.8,3.6,1.4,0.6,0.6,0.6,13.4,11.2,14.8,5.7,125.7,117.8
Luguentz Dort,Okc,*,G,25.9,55,28.9,13.5,7.8,42,0.786,145,0.476,305,0.4,0.56,0.573,9.8,4.1,1.6,1.1,0.6,0.7,13.8,11.4,15.4,5.5,119.1,102.2
Svi Mykhailiuk,Uta,*,G-F,27.7,23,20.1,22.7,15.4,23,0.783,62,0.516,141,0.34,0.512,0.53,9.8,2.5,1.7,0.7,0.3,1.6,12.3,11.5,14,6.9,100.1,117.3
Royce O'Neale,Pho,*,F,31.7,54,25.5,15.7,10.4,26,0.731,110,0.482,320,0.419,0.591,0.597,9.8,4.9,2.1,1,0.5,0.9,14.6,11.8,16.7,7.3,115.5,111.4
T.J. McConnell,Ind,*,G,32.9,55,18.3,24.6,15.4,60,0.75,426,0.54,35,0.314,0.535,0.552,9.8,2.5,4.5,1.1,0.3,1.5,12.3,14.3,16.8,10.5,112.1,112.8
Ziaire Williams,Bro,*,F,23.5,46,24,18.4,11.1,98,0.816,174,0.489,201,0.328,0.491,0.536,9.7,4.8,1.4,1,0.4,1,14.6,11.2,16,6.7,108.3,106.5
Ausar Thompson,Det,*,G-F,22.1,39,21.4,19,16,86,0.581,252,0.599,32,0.219,0.569,0.579,9.6,4.9,2.3,1.8,0.5,1.4,14.5,11.9,16.8,8.9,114.2,99.3
Moses Moody,Gol,*,G,22.8,52,20.3,18.2,8.1,93,0.753,151,0.53,232,0.388,0.561,0.59,9.6,2.3,1.1,0.5,0.4,0.7,11.9,10.7,13,5.7,117,110.9
Dante Exum,Dal,*,G,29.6,12,18.9,20,12.7,28,0.714,51,0.549,31,0.419,0.579,0.61,9.6,1.8,3.3,0.8,0.3,1,11.3,12.8,14.6,8.1,123.3,111
Julian Strawther,Den,*,G,22.9,60,22.3,17.6,10.7,80,0.825,206,0.534,262,0.359,0.536,0.564,9.5,2.2,1.4,0.6,0.3,0.9,11.7,10.8,13,5.5,109,108.8
Tosan Evbuomwan,Bro,*,F,24,21,23.9,19,15.9,53,0.755,109,0.505,55,0.291,0.482,0.529,9.4,4,1.6,0.8,0.3,1.5,13.5,11,15,6.6,102.8,111.1
Noah Clowney,Bro,*,F-C,20.6,37,23,18.6,11.3,60,0.85,90,0.422,209,0.354,0.498,0.536,9.4,3.9,0.8,0.5,0.5,1,13.4,10.2,14.2,5.4,104.7,108.6
Brice Sensabaugh,Uta,*,F,21.3,48,17.8,21.8,14.8,46,0.913,144,0.549,218,0.385,0.566,0.591,9.4,2.6,1.3,0.6,0.1,1.3,12,10.7,13.2,7.1,108.7,114.8
Isaiah Joe,Okc,*,G,25.7,54,20.7,17.1,5.3,32,0.719,87,0.552,325,0.4,0.59,0.597,9.4,2.5,1.4,0.7,0.1,0.4,11.9,10.8,13.3,6.2,121.7,105.4
Cole Anthony,Orl,*,G,24.8,56,18.2,25.1,16.3,96,0.802,283,0.473,175,0.343,0.489,0.525,9.4,3.1,2.8,0.7,0.4,1.6,12.4,12.2,15.3,9.5,103.9,100.4
Nickeil Alexander-Walker,Min,*,G,26.5,61,25.4,15.8,14.4,74,0.757,181,0.514,277,0.401,0.567,0.586,9.4,3.1,2.5,0.6,0.3,1.3,12.5,11.9,15,6.6,113.9,109.3
Luke Kennard,Mem,*,G,28.7,47,22.1,14.9,13.4,51,0.882,114,0.509,202,0.46,0.625,0.65,9.4,2.9,3.4,0.7,0.1,1,12.2,12.7,15.6,8.2,130.4,114.3
Zach Edey,Mem,*,C,22.8,46,20.7,16.8,17.9,88,0.693,254,0.63,43,0.349,0.614,0.634,9.3,7.8,0.9,0.6,1.2,1.4,17,10.1,17.9,7.8,121.1,101.6
Nick Richards,Pho,*,C,27.3,20,23.2,16.4,18,50,0.8,122,0.598,1,0,0.593,0.641,9.3,9.8,0.6,0.2,1,1.4,19.1,9.9,19.7,6.5,121.2,104.1
Kevin Porter Jr.,Lac,,G-F,24.8,45,19.6,25.6,17.1,76,0.645,301,0.485,106,0.245,0.455,0.476,9.3,3.6,3.2,1,0.2,1.9,12.9,12.5,16.1,9.7,95.9,104.9
Marcus Smart,Was,*,G,31,4,19.8,18.9,20.4,4,0.75,16,0.688,11,0.364,0.63,0.643,9.3,1.5,1.8,1.5,0,1.8,10.8,11,12.5,5.9,105.8,112.4
Jalen Wilson,Bro,*,F,24.3,59,26.8,16.1,12.4,119,0.824,204,0.5,262,0.309,0.48,0.526,9.2,3.5,1.9,0.5,0.1,1.1,12.7,11.1,14.6,5.9,107.6,112.3
Miles McBride,Nyk,*,G,24.5,49,23.6,16.3,7.5,49,0.857,162,0.494,222,0.374,0.533,0.556,9.2,2.4,2.5,0.9,0.2,0.6,11.6,11.7,14.2,6.5,120.1,113.6
Carlton Carrington,Was,*,G,19.6,59,29.3,14.5,15.6,55,0.836,210,0.486,275,0.345,0.504,0.525,9.1,4,3.9,0.7,0.2,1.5,13.1,13,17,7.1,105.4,115.8
Dereck Lively II,Dal,*,C,21.1,32,24,13.7,18,69,0.638,177,0.701,0,0,0.701,0.704,9.1,7.8,2.6,0.5,1.7,1.2,17,11.8,19.6,9.5,138.3,103.5
Cam Whitmore,Hou,*,F,20.6,38,17,24.1,10.5,57,0.719,167,0.503,148,0.311,0.486,0.51,9.1,3.1,0.9,0.7,0.2,1,12.2,10,13.1,6.9,103.7,107.1
Anthony Black,Orl,*,G,21.1,57,24.5,19.1,18.9,153,0.752,306,0.467,136,0.294,0.459,0.511,9.1,2.8,3.2,1.1,0.5,1.8,11.9,12.4,15.2,7.1,101.4,105.1
Trendon Watford,Bro,*,G-F,24.3,24,17.9,24.3,18.3,59,0.797,130,0.508,44,0.295,0.491,0.545,9.1,3.1,2,0.6,0.3,1.6,12.2,11,14.2,8.6,102.6,104.6
Patrick Williams,Chi,*,F,23.5,45,26.2,16.9,13.4,65,0.769,185,0.4,202,0.351,0.466,0.494,9.1,4,2,0.8,0.6,1.3,13.2,11.2,15.2,6.4,98.1,116.3
Caleb Martin,Phi,*,F,29.4,31,30.4,14.3,15.6,74,0.622,145,0.469,87,0.379,0.506,0.531,9.1,4.4,2.3,1.1,0.6,1.4,13.5,11.3,15.7,5.9,107,113.9
Jaime Jaquez Jr.,Mia,*,G,24,49,22.3,19.7,16.9,122,0.77,265,0.494,94,0.298,0.482,0.533,9,4.6,2.6,1.1,0.2,1.5,13.6,11.6,16.2,8.5,107.6,108.5
Scotty Pippen Jr.,Mem,*,G,24.3,59,20,19.5,19.6,121,0.686,263,0.536,158,0.348,0.531,0.559,9,3.2,4.2,1.2,0.3,1.7,12.2,13.2,16.4,9.9,113.2,103
Killian Hayes,Bro,*,G,23.6,6,27.1,15.4,17.2,12,0.833,22,0.455,21,0.381,0.512,0.559,9,3,5.2,0.7,0.7,1.5,12,14.2,17.2,7.7,119.1,112.5
Clint Capela,Atl,*,C,30.8,50,21.8,16.5,11.5,91,0.538,354,0.568,1,0,0.566,0.571,9,8.7,1.2,0.6,0.9,0.9,17.7,10.2,18.9,8.3,118.7,107.3
Chris Paul,San,*,G,39.8,58,28.7,14,17.2,81,0.938,146,0.507,278,0.356,0.525,0.567,9,3.8,8,1.3,0.2,1.5,12.8,17,20.8,9,126,111.9
Nick Richards,Cha,,C,27.3,21,21,17.8,22.4,87,0.678,113,0.566,1,0,0.561,0.614,8.9,7.5,1.3,0.3,1.2,1.6,16.4,10.2,17.8,8.4,115.4,104.4
Aaron Nesmith,Ind,*,G-F,25.4,23,22.2,15.5,11.4,39,0.923,75,0.587,72,0.375,0.575,0.624,8.9,3.7,1.4,0.6,0.4,0.8,12.6,10.3,14,6.5,120.4,107.7
Wendell Carter Jr.,Orl,*,C-F,25.9,48,25.4,16,13.8,129,0.713,236,0.572,102,0.206,0.493,0.538,8.9,7.5,2.2,0.8,0.5,1.1,16.3,11,18.5,8.3,113.5,99.9
Yves Missi,Nor,*,C,20.8,57,27,13.9,15.3,144,0.639,376,0.543,1,0,0.541,0.568,8.8,8.2,1.3,0.5,1.4,1.2,17,10.1,18.3,6.7,117.9,114
Dalton Knecht,Lal,*,F,23.9,55,19.7,17.7,6.6,63,0.794,146,0.616,237,0.354,0.564,0.587,8.8,2.9,0.8,0.4,0.1,0.5,11.6,9.6,12.4,5.5,115.7,110.9
Kelly Olynyk,Nor,*,F-C,33.9,4,24.6,17.9,21.4,11,0.818,20,0.5,9,0.222,0.448,0.517,8.8,9.3,3.3,0.3,0.3,2,18,12,21.3,10.5,107.1,106.5
Draymond Green,Gol,*,F,35,46,28.6,15.7,25.2,103,0.65,181,0.514,155,0.329,0.504,0.532,8.8,5.9,5.7,1.3,1.1,2.5,14.7,14.5,20.4,9.3,106.8,103.4
Nick Smith Jr.,Cha,*,G,20.9,40,21.2,20.4,12.2,20,0.9,163,0.46,188,0.319,0.47,0.484,8.7,2,2.1,0.4,0.2,1.2,10.7,10.8,12.7,6.3,97,115.2
Georges Niang,Cle,,F,31.7,51,20.7,16.5,12.1,29,0.793,123,0.618,225,0.4,0.606,0.617,8.7,3.7,1.3,0.3,0.1,0.9,12.4,10,13.7,6.7,116.5,102.8
Marcus Smart,Mem,,G,31,19,21.1,19.8,19.1,36,0.833,58,0.414,90,0.322,0.456,0.504,8.7,2.3,3.7,1.2,0.3,1.8,10.9,12.4,14.7,8,104.8,109.7
Quinten Post,Gol,*,C,24.9,22,15.3,20.7,10,15,0.933,55,0.582,89,0.416,0.608,0.627,8.6,3.8,1.5,0.4,0.3,0.7,12.4,10.1,14,9.6,123.1,102.5
Kel'el Ware,Mia,*,C,20.9,43,20.1,17.6,11.1,46,0.739,209,0.612,78,0.346,0.587,0.604,8.6,6.4,0.9,0.6,1,0.8,15,9.5,15.9,7.3,117.5,106
Dalano Banton,Por,*,F,25.3,47,15.5,25.2,15.1,93,0.71,188,0.463,149,0.369,0.503,0.536,8.6,1.9,2.2,0.7,0.5,1.3,10.5,10.8,12.7,8.5,106.3,114.8
Max Strus,Cle,*,G-F,28.9,30,24.7,14.4,11.8,13,0.846,43,0.605,173,0.376,0.572,0.582,8.6,4.2,3.1,0.6,0.3,1,12.8,11.7,15.9,7.8,121.9,107.1
Jusuf Nurkic,Pho,,C,30.5,25,23.7,18.7,25.9,69,0.696,104,0.529,59,0.322,0.512,0.556,8.6,9.2,1.9,0.9,0.6,2.3,17.8,10.5,19.6,9,101.1,100.7
Max Christie,Lal,,G,22.1,46,25.1,13.9,11.9,87,0.851,125,0.544,163,0.368,0.549,0.598,8.5,2.7,1.4,0.8,0.5,0.8,11.2,9.9,12.6,5.1,116.6,111.6
Day'Ron Sharpe,Bro,*,C,23.3,38,17.8,21.3,17.6,66,0.773,212,0.575,36,0.25,0.546,0.581,8.5,6.6,1.8,0.8,0.8,1.4,15,10.3,16.8,10.5,116.8,100.8
Larry Nance Jr.,Atl,*,F-C,32.2,24,19.3,15.6,9.3,13,0.692,79,0.582,76,0.447,0.626,0.632,8.5,4.3,1.6,0.8,0.5,0.7,12.8,10,14.3,8,123.2,109.5
GG Jackson,Mem,*,F,20.2,17,15.8,22.5,13.7,32,0.719,60,0.5,59,0.339,0.504,0.537,8.4,3.1,1,0.4,0.2,1.1,11.5,9.4,12.5,7.5,105.8,110.5
Jaylen Nowell,Nor,*,G,25.6,8,21,21.5,9.8,11,0.636,46,0.391,27,0.296,0.411,0.43,8.4,2.5,2.3,0.1,0.5,1,10.9,10.6,13.1,6.9,94.1,120.5
Kevin Porter Jr.,Mil,*,G-F,24.8,8,15.1,26.4,21.4,18,0.833,44,0.523,7,0.286,0.51,0.569,8.4,2.3,2.4,1.6,0,1.8,10.6,10.8,13,9.5,103.1,102.7
Terance Mann,Atl,*,G-F,28.4,8,21.6,13.8,15.3,14,0.429,25,0.56,19,0.579,0.693,0.668,8.4,2.9,2.3,0.6,0,1,11.3,10.6,13.5,7.1,126.4,111.3
Bruce Brown,Tor,,G-F,28.5,18,19.6,19.5,12.6,29,0.897,95,0.484,36,0.306,0.477,0.525,8.4,3.8,1.6,0.9,0.2,1.1,12.2,9.9,13.7,7.6,105.6,111.6
Kentavious Caldwell-Pope,Orl,*,G,32,58,30.1,12.4,9.9,76,0.868,161,0.578,258,0.306,0.505,0.54,8.4,2.1,1.7,1.4,0.5,0.8,10.5,10.2,12.2,4.1,109.9,108.6
Jonas Valanciunas,Sac,*,C,32.8,9,16,19.6,13.7,19,0.789,48,0.604,2,0.5,0.61,0.651,8.4,6.1,1.2,0.8,0.8,0.9,14.6,9.7,15.8,9.9,131.5,95.8
Damion Baugh,Cha,*,G,24.6,6,25.9,18.4,20.5,10,0.9,24,0.417,26,0.269,0.41,0.46,8.3,3.2,3.7,2,0.2,2.2,11.5,12,15.2,7.1,94.5,112.3
Jalen Smith,Chi,*,F-C,25,52,15,21,8.9,73,0.836,144,0.632,183,0.344,0.567,0.601,8.3,5.4,0.9,0.3,0.7,0.6,13.7,9.2,14.7,9.1,120.8,107.3
Goga Bitadze,Orl,*,C-F,25.6,50,23,14.5,17.9,97,0.639,260,0.669,20,0.1,0.632,0.645,8.3,7.7,2.1,0.8,1.6,1.2,16,10.4,18.1,8.9,125,101.4
Jusuf Nurkic,Cha,*,C,30.5,5,19.1,21.4,22.6,10,0.7,20,0.7,14,0.143,0.5,0.534,8.2,8.6,4.6,1.4,1.2,2,16.8,12.8,21.4,14.4,110.9,98.1
Kyshawn George,Was,*,F,21.2,53,26.6,15.2,15.9,69,0.754,132,0.447,275,0.313,0.462,0.489,8.1,4,2.4,0.9,0.7,1.5,12.1,10.5,14.5,6.4,97.4,111.4
Peyton Watson,Den,*,G,22.5,48,24.2,14,12.6,101,0.752,203,0.532,94,0.34,0.525,0.568,8.1,3.4,1.5,0.9,1.2,0.9,11.5,9.6,13,5.7,114,111.9
Keon Ellis,Sac,*,G,25.1,57,22.5,13,13.1,62,0.855,97,0.588,220,0.45,0.648,0.674,8.1,2.5,1.2,1.4,0.8,0.8,10.7,9.4,11.9,5.1,125.8,109.2
Brandon Clarke,Mem,*,F,28.4,55,18.8,14.9,9.8,68,0.676,305,0.646,17,0.059,0.616,0.629,8.1,5,1,0.8,0.5,0.6,13.1,9.1,14.1,7.3,128.2,102.7
Mike Conley,Min,*,G,37.4,52,25,14.6,13.3,71,0.915,114,0.342,238,0.391,0.507,0.551,8.1,2.5,4.6,1.2,0.2,1,10.7,12.7,15.2,7.3,122.1,109.5
Tyrese Martin,Bro,*,F,26,42,20.9,18.7,14.6,44,0.773,118,0.483,186,0.339,0.498,0.521,8,3.7,1.6,0.5,0.1,1.2,11.7,9.6,13.3,6.9,102.3,114.6
Jaden Hardy,Dal,*,G,22.7,45,15.1,24.9,17.2,61,0.672,160,0.469,147,0.381,0.518,0.538,8,1.5,1.4,0.5,0.1,1.4,9.5,9.4,10.9,6.8,96.9,108.9
Taurean Prince,Mil,*,F,30.9,58,26.2,12.4,13.9,31,0.839,121,0.463,238,0.454,0.607,0.62,8,3.8,2,0.8,0.1,1,11.7,10,13.8,6,116,108
Dennis Schroder,Det,*,G,31.5,8,18.8,21.7,17.3,19,0.842,30,0.4,27,0.296,0.421,0.49,8,2.4,4.6,0.4,0.3,1.5,10.4,12.6,15,9.5,108.5,109.4
Justin Edwards,Phi,*,F,21.2,27,23.7,14.3,11,19,0.632,73,0.603,104,0.365,0.571,0.577,7.9,3,1.4,0.8,0.3,0.8,10.9,9.3,12.3,5.4,113.6,111.2
Bol Bol,Pho,*,C-F,25.3,24,13.4,21.9,10,24,0.75,65,0.738,69,0.362,0.638,0.654,7.9,3.1,0.5,0.2,1,0.6,11,8.4,11.5,6.9,118.4,116.3
Kevin Huerter,Sac,,G-F,26.5,43,20.9,17,10.7,28,0.714,105,0.629,205,0.302,0.513,0.524,7.9,2.8,1.7,0.8,0.4,0.9,10.7,9.6,12.4,6.4,105.5,110.4
Al Horford,Bos,*,C-F,38.7,47,26.8,12.9,8.8,18,0.889,98,0.52,233,0.361,0.535,0.546,7.9,5.6,1.9,0.6,0.9,0.7,13.4,9.7,15.3,6.5,116.7,108.6
Tristan da Silva,Orl,*,F,23.8,57,23.8,15,10.8,54,0.852,197,0.513,199,0.332,0.505,0.531,7.8,3.6,1.6,0.5,0.2,0.8,11.4,9.4,13,6,109.7,109.8
Tre Jones,Chi,*,G,25.1,8,16.1,16.5,4.4,13,1,35,0.571,8,0.375,0.57,0.636,7.8,1.9,2.3,1,0.1,0.3,9.6,10,11.9,8.1,139.5,116.9
Cody Martin,Cha,*,F,29.4,39,24.8,14.5,13.5,49,0.694,144,0.528,124,0.323,0.507,0.528,7.8,4.5,2.3,1.1,0.7,1.1,12.4,10.1,14.6,7,108.9,110
Thomas Bryant,Ind,*,C-F,27.6,32,16.1,17.8,8.5,29,0.759,110,0.673,72,0.361,0.621,0.637,7.8,4.4,1.3,0.6,0.5,0.5,12.2,9.1,13.5,8.8,131.3,110.5
A.J. Green,Mil,*,G,25.4,52,22.6,13,7.9,21,0.905,46,0.457,268,0.422,0.607,0.619,7.7,2.3,1.3,0.5,0.1,0.5,10,9,11.3,5,118.9,107.2
Josh Green,Cha,*,G,24.3,54,28.6,11.4,13.3,57,0.667,141,0.482,198,0.404,0.555,0.569,7.7,2.7,1.6,1.1,0.2,1,10.4,9.2,11.9,4.5,111.6,111.1
Lonzo Ball,Chi,*,G,27.3,35,22.2,15.9,14.4,27,0.815,48,0.458,195,0.344,0.504,0.524,7.6,3.4,3.3,1.3,0.5,1.2,11,10.9,14.3,7.9,108.9,112.3
Ja'Kobe Walter,Tor,*,G,20.5,41,19.5,18,10.7,55,0.709,154,0.487,129,0.302,0.472,0.498,7.5,2.8,1.3,0.7,0.2,0.8,10.2,8.8,11.5,6.2,102.4,111.7
Cason Wallace,Okc,*,G,21.3,51,27.4,12.2,9.9,19,0.789,197,0.548,156,0.327,0.523,0.531,7.5,3.5,2.4,1.7,0.5,0.8,11,10,13.4,5.8,114.6,103.3
Trayce Jackson-Davis,Gol,*,F,25,50,18.2,16.6,12.7,86,0.605,280,0.575,1,0,0.573,0.587,7.5,5.8,1.9,0.4,0.7,0.8,13.3,9.4,15.2,9.6,123.3,107.5
Sam Hauser,Bos,*,F,27.2,51,20.5,13.7,5.5,4,1,45,0.667,263,0.403,0.614,0.617,7.5,3,1,0.6,0.2,0.4,10.5,8.5,11.5,5.5,124.9,109
Justin Champagnie,Was,*,G-F,23.7,40,18.3,16.1,13.3,43,0.674,119,0.622,109,0.376,0.594,0.607,7.5,4.6,0.9,0.9,0.7,0.9,12.1,8.4,13,6.9,115.7,111.3
Garrison Mathews,Atl,*,G,28.4,43,17.7,16,10.9,76,0.829,35,0.429,201,0.383,0.553,0.601,7.5,1.8,1.3,0.6,0.3,0.7,9.4,8.8,10.7,5.9,118,110.5
Richaun Holmes,Was,*,F,31.4,22,17.7,13.6,16.8,45,0.844,86,0.733,3,0,0.708,0.754,7.5,5.5,1.4,0.2,0.8,0.8,12.9,8.8,14.3,8.7,141.6,111.9
Vasilije Micic,Cha,*,G,31.1,36,21.2,20.2,21.3,41,0.829,148,0.338,125,0.36,0.43,0.462,7.5,2.4,3.5,0.4,0,2.1,9.9,11,13.4,7.5,93.3,115.2
Johnny Juzang,Uta,*,G,24,42,17.6,16.5,6.9,33,0.818,75,0.507,181,0.381,0.553,0.573,7.4,2.6,0.9,0.5,0.1,0.5,10,8.3,10.9,5.9,118.5,112
Jared Butler,Phi,*,G,24.5,5,13.8,28.7,16.5,7,0.857,21,0.524,14,0.214,0.443,0.486,7.4,2.4,3.8,0.6,0.4,1.4,9.8,11.2,13.6,11.8,105.1,110.2
Shake Milton,Bro,,G,28.4,27,18.2,17,11.3,33,0.758,85,0.529,72,0.389,0.554,0.58,7.4,1.9,2.4,0.6,0,0.7,9.3,9.7,11.6,7.1,119.8,111.6
Jake LaRavia,Mem,,F,23.3,47,20.9,14.3,22.2,96,0.698,151,0.517,90,0.444,0.573,0.605,7.3,4.4,2.8,0.9,0.4,1.5,11.7,10.1,14.5,8.6,118,106.5
Bones Hyland,Lac,*,G,24.5,20,11.1,29,17.3,26,0.885,34,0.412,80,0.388,0.531,0.574,7.2,1.2,1.4,0.9,0.2,1.2,8.4,8.6,9.8,8.3,105.8,100.4
KJ Simpson,Cha,*,G,22.6,23,20.4,20.2,15.4,37,0.811,102,0.422,74,0.216,0.381,0.426,7.1,2.9,2.6,0.8,0.2,1.4,10,9.7,12.6,7.4,94.5,112.2
Kyle Filipowski,Uta,*,C,21.3,49,18.6,16,18.6,80,0.6,150,0.613,104,0.375,0.593,0.603,7.1,5,1.9,0.6,0.1,1.2,12.1,9,14,8.8,115.6,108.5
Isaiah Collier,Uta,*,G,20.4,51,24.1,18.2,29.3,70,0.614,237,0.489,119,0.244,0.448,0.468,7.1,3.1,6.2,0.8,0.2,2.9,10.2,13.3,16.4,8.5,95.7,113.9
Jay Huff,Mem,*,C,27.5,48,12.1,19.3,10.8,48,0.771,77,0.727,153,0.418,0.661,0.679,7.1,2,0.6,0.2,0.9,0.6,9.1,7.7,9.8,6.8,126.5,106.7
Cameron Payne,Nyk,*,G,30.6,53,14.5,21.1,9.6,46,0.891,131,0.481,189,0.37,0.525,0.554,7.1,1.4,2.7,0.6,0.2,0.6,8.5,9.8,11.2,8.3,119.1,107.7
Kelly Olynyk,Tor,,F-C,33.9,24,16,19,22.8,43,0.791,75,0.533,43,0.442,0.581,0.624,7.1,3.7,2.3,0.7,0.3,1.5,10.8,9.5,13.2,9.8,114.4,102
Isaiah Jackson,Ind,*,F,23.1,5,16.8,17.6,17.7,14,0.5,23,0.609,0,0,0.609,0.6,7,5.6,1,0.6,1.6,1,12.6,8,13.6,8.1,119.1,98.8
Sam Merrill,Cle,*,G,28.8,50,19.3,14.7,7.2,28,0.964,39,0.641,258,0.353,0.544,0.566,7,2,1.5,0.7,0.2,0.5,9,8.5,10.5,5.7,119.7,106.8
Andre Drummond,Phi,*,C,31.6,35,18.4,19,22,82,0.61,175,0.549,13,0.077,0.519,0.547,7,7.6,0.8,1,0.4,1.5,14.6,7.8,15.4,7.6,106.1,100.4
Vit Krejci,Atl,*,G,24.7,39,20.8,13.3,14,30,0.667,69,0.58,146,0.384,0.577,0.587,6.9,2.7,2.7,0.7,0.5,0.9,9.6,9.6,12.3,7.1,116.6,110.3
Jared Butler,Was,,G,24.5,32,11.3,26,14.1,45,0.778,135,0.519,41,0.366,0.526,0.562,6.9,1.3,2.6,0.4,0.2,0.9,8.2,9.4,10.7,10.1,114.6,113.4
Precious Achiuwa,Nyk,*,F,25.5,38,22.3,13.5,12.8,50,0.62,183,0.557,28,0.321,0.547,0.562,6.9,5.9,1.1,0.9,0.8,0.8,12.8,8,13.9,6.4,118.3,109.1
Torrey Craig,Chi,,F,34.2,9,12.5,17.3,0,4,0.75,10,0.7,35,0.429,0.656,0.663,6.9,2.8,0.6,0.2,0.1,0,9.7,7.4,10.2,7.2,137.3,107.2
Ben Simmons,Lac,*,G-F,28.6,5,21.1,11.9,7.6,7,0.857,24,0.583,0,0,0.583,0.628,6.8,5.2,5,1.4,0.6,0.4,12,11.8,17,10.6,149.2,99.7
Eric Gordon,Phi,*,G,36.2,39,19.7,14.5,12.1,48,0.75,67,0.463,137,0.409,0.564,0.591,6.8,1.2,1.7,0.7,0.3,0.7,8,8.5,9.7,4.9,115.9,118.5
Matas Buzelis,Chi,*,F,20.4,58,15.9,18.1,11.1,62,0.823,170,0.518,159,0.34,0.514,0.546,6.7,2.9,0.7,0.3,0.8,0.7,9.6,7.4,10.3,6,104.9,111.7
Elfrid Payton,Nor,,G,31,7,20.5,19.6,30.2,2,0.5,45,0.511,1,0,0.5,0.501,6.7,3.4,6.9,1.4,0.4,2.9,10.1,13.6,17,10.5,99.9,113.6
Dorian Finney-Smith,Lal,*,F,31.8,23,26.3,10.8,14.3,7,0.857,36,0.639,89,0.371,0.58,0.589,6.6,3.5,1.3,1,0.1,0.9,10,7.9,11.4,4.7,113.7,110.2
Ajay Mitchell,Okc,*,G,22.7,34,16.5,15.8,14.3,33,0.848,116,0.543,51,0.431,0.575,0.606,6.5,2,1.7,0.7,0.1,0.8,8.4,8.1,10.1,6.8,117.9,102.2
Haywood Highsmith,Mia,*,F,28.2,51,23.9,11.2,11.9,30,0.7,105,0.59,155,0.4,0.596,0.606,6.5,3.2,1.3,0.9,0.6,0.7,9.6,7.8,11,5,118,108.3
KJ Martin,Phi,,F,24.2,24,20,11.4,10.8,29,0.828,78,0.679,21,0.381,0.657,0.689,6.4,3,0.8,0.5,0.7,0.5,9.4,7.2,10.2,5,133.7,107.4
Vince Williams Jr.,Mem,*,G,24.5,10,16.3,19.7,18.8,15,0.667,32,0.5,28,0.25,0.442,0.473,6.3,3.8,2,0.6,0.2,1.4,10.1,8.3,12.1,8.9,98.6,103.9
Dru Smith,Mia,*,G,27.2,14,19.2,13.8,21.7,13,0.769,31,0.484,30,0.533,0.639,0.659,6.3,2.6,1.6,1.5,0.4,1.2,8.9,7.9,10.5,6.2,115.8,103.1
Davion Mitchell,Tor,,G,26.5,44,24.6,13.3,24.2,37,0.676,127,0.504,117,0.359,0.52,0.536,6.3,2,4.6,0.7,0.2,1.8,8.3,11,12.9,6.3,105.2,111.5
Ronald Holland II,Det,*,F,19.7,61,15.7,17.9,14,80,0.8,194,0.593,124,0.234,0.498,0.539,6.2,2.7,0.9,0.6,0.1,0.9,8.9,7.1,9.8,6.3,104.4,104.1
Ricky Council IV,Phi,*,G,23.6,50,14.2,19.6,10,82,0.817,141,0.504,111,0.297,0.478,0.535,6.2,2.2,1.1,0.5,0.1,0.6,8.4,7.3,9.5,6.9,111.9,114.9
Ben Simmons,Bro,,G-F,28.6,33,25,14.3,34.1,26,0.692,170,0.547,0,0,0.547,0.562,6.2,5.2,6.9,0.8,0.5,2.7,11.4,13.1,18.3,9.7,108.4,107.2
Seth Curry,Cha,*,G,34.5,49,14.5,16.1,8.1,25,0.8,110,0.491,128,0.453,0.592,0.606,6.2,1.6,0.7,0.5,0.1,0.4,7.7,6.8,8.4,5.3,118.7,114.1
Alec Burks,Mia,*,G,33.6,33,17,14.9,8.2,40,0.775,45,0.378,112,0.411,0.548,0.581,6.2,2.6,1.1,0.6,0.2,0.4,8.8,7.2,9.8,6.1,117.6,112.4
Simone Fontecchio,Det,*,F,29.2,54,17.3,16.2,13.5,72,0.833,112,0.482,170,0.318,0.479,0.526,6.1,3,0.9,0.4,0.2,0.8,9.1,7,10,5.9,105.5,109.9
Jordan Goodwin,Lal,*,G,26.4,8,16.9,15.4,13,3,0.667,24,0.667,16,0.313,0.588,0.593,6.1,3.8,1,1.3,0.3,0.8,9.9,7.1,10.9,6.7,117.5,104.8
Jaxson Hayes,Lal,*,C-F,24.8,37,18.5,11.7,16.4,56,0.714,130,0.708,2,0,0.697,0.715,6.1,4.3,1.1,0.6,1,0.7,10.4,7.1,11.4,6.6,135.4,103.1
Alex Caruso,Okc,*,G,31,37,19.3,14.1,9.9,16,0.813,86,0.512,122,0.344,0.514,0.528,6.1,2.8,2.7,1.7,0.5,0.6,9,8.8,11.6,7.4,117.9,99
Kris Dunn,Lac,*,G,31,52,23.5,12.9,15.3,16,0.563,151,0.536,153,0.32,0.508,0.511,6.1,3.7,3,1.8,0.3,1.1,9.8,9.1,12.8,6.9,108.7,100.4
Trey Lyles,Sac,*,F,29.3,48,18.4,14.5,9.3,49,0.714,84,0.512,169,0.343,0.514,0.537,6.1,4.4,1,0.6,0.4,0.5,10.5,7.1,11.5,6.5,113.3,110.5
Lamar Stevens,Mem,*,F,27.6,1,15.8,17.4,0,2,1,4,0.5,2,0,0.333,0.436,6,4,0,0,0,0,10,6,10,0,106,110.6
Mitchell Robinson,Nyk,*,C-F,26.9,1,12.4,14,0,0,0,4,0.75,0,0,0.75,0.75,6,5,1,0,0,0,11,7,12,10,161.1,105.9
Ryan Dunn,Pho,*,F,22.1,54,17.7,15.7,7.3,25,0.44,144,0.576,161,0.304,0.513,0.513,6,3.1,0.8,0.4,0.5,0.4,9.1,6.8,9.9,5.6,106.3,108.9
David Roddy,Phi,*,F,23.9,3,9.5,30.8,5,0,0,8,0.75,11,0.182,0.474,0.474,6,3,1,0.7,0,0.3,9,7,10,11,101.6,111
Isaiah Wong,Cha,*,G,24.1,20,13.3,22,14.6,34,0.735,72,0.389,33,0.394,0.452,0.5,6,1.6,1.4,0.6,0,0.9,7.6,7.4,9,7.2,102.9,112
Wendell Moore Jr.,Cha,*,G,23.5,4,18.6,16.7,14.1,3,0.667,18,0.444,6,0.333,0.458,0.474,6,3.5,0.3,0.3,0,1,9.5,6.3,9.8,4,95.5,113.1
James Wiseman,Ind,*,C,23.9,1,4.6,46,0,2,1,3,0.667,1,0,0.5,0.615,6,1,0,0,0,0,7,6,7,0,123.7,119.2
Terance Mann,Lac,,G-F,28.4,37,19.8,13.8,11.3,32,0.719,120,0.508,75,0.347,0.513,0.533,6,2.9,1.6,0.8,0.3,0.7,8.9,7.6,10.5,6.1,112.1,105.4
Josh Okogie,Pho,,G,26.5,25,14,18.1,12.3,32,0.688,72,0.556,42,0.381,0.561,0.586,6,2.9,0.6,0.8,0.4,0.6,8.9,6.6,9.4,6.2,115.7,112
Jamal Shead,Tor,*,G,22.6,54,17.4,17.6,22.3,35,0.743,165,0.485,128,0.344,0.498,0.516,5.9,1.2,3.6,0.5,0.1,1.6,7.1,9.5,10.7,6.8,101,111.3
Ben Sheppard,Ind,*,G,23.6,44,20.4,11.5,6.5,20,0.9,69,0.594,146,0.363,0.56,0.579,5.9,2.7,1.2,0.6,0.3,0.3,8.6,7.1,9.8,5.2,120.5,110.2
Marcus Sasser,Det,*,G,24.4,46,13.7,18.4,15.4,31,0.839,104,0.567,116,0.362,0.555,0.578,5.9,1.2,2.2,0.6,0.1,0.9,7,8.1,9.2,7.3,115.3,108.2
Jeff Green,Hou,*,F,38.5,19,12.7,15.9,5.9,18,0.833,33,0.788,47,0.319,0.606,0.637,5.9,1.6,0.4,0.2,0.1,0.3,7.5,6.3,7.9,4.9,131,108
Donovan Clingan,Por,*,C,21,46,16.9,15,21.7,58,0.638,175,0.594,23,0.304,0.578,0.595,5.8,6.9,0.8,0.5,1.6,1.2,12.7,6.6,13.5,7.5,114.2,99
Terrence Shannon Jr.,Min,*,G-F,24.6,21,12,20.3,10.9,19,0.842,72,0.569,26,0.308,0.541,0.574,5.8,1.8,1.3,0.3,0.2,0.6,7.6,7.1,8.9,8,116.1,109.2
Isaiah Stewart,Det,*,F-C,23.8,56,19.8,12.3,18.3,66,0.758,201,0.587,40,0.3,0.564,0.596,5.8,5.6,1.6,0.3,1.4,1,11.4,7.4,13,7.5,121,102.6
Isaac Okoro,Cle,*,F-G,24.1,33,19.4,11.9,7.8,29,0.724,63,0.492,91,0.396,0.552,0.573,5.8,2.3,1.5,0.6,0.4,0.4,8.1,7.3,9.6,5.6,125.5,106.8
Javonte Green,Nor,,G,31.6,50,21.8,10.9,11.1,66,0.758,117,0.53,108,0.352,0.529,0.567,5.8,3.6,0.9,1.1,0.6,0.6,9.3,6.7,10.2,4.9,116.2,115
Drew Eubanks,Uta,,F-C,28.1,37,15.4,14.9,17.6,57,0.632,140,0.607,5,0.6,0.617,0.632,5.8,4.5,1.2,0.3,0.9,0.8,10.4,7,11.6,8.2,120.1,112.1
Robert Williams III,Por,*,C-F,27.4,20,17.6,12.2,17.8,17,0.882,75,0.653,3,0.333,0.647,0.679,5.8,5.9,1.1,0.7,1.7,0.9,11.7,6.9,12.8,7.6,127.7,106.5
Kenrich Williams,Okc,*,G-F,30.2,47,14.5,15.6,11.1,18,0.889,104,0.615,112,0.384,0.595,0.61,5.8,3.2,1.2,0.6,0.1,0.6,9,7,10.3,7.8,122.3,99.9
Bruce Brown,Nor,*,G-F,28.5,6,23,15.5,8.6,11,0.727,33,0.364,9,0.111,0.321,0.374,5.8,3.5,2,1,0,0.7,9.3,7.8,11.3,6,90.9,112.4
Jonathan Isaac,Orl,*,F,27.4,53,16.4,16.3,7.9,79,0.684,137,0.555,131,0.26,0.474,0.509,5.8,4.8,0.5,0.8,1.1,0.4,10.6,6.3,11.2,5.9,112.5,102.9
Rob Dillingham,Min,*,G,20.2,36,13,22.7,19.6,13,0.615,124,0.5,69,0.348,0.508,0.513,5.7,1.3,2.5,0.5,0,1.3,6.9,8.2,9.5,8.1,100.9,108.9
Tristan Vukcevic,Was,*,F,22,18,9.2,24.1,16.4,23,0.739,38,0.684,33,0.333,0.599,0.629,5.7,2.6,0.8,0.2,0.3,0.8,8.2,6.5,9.1,9.9,113.3,106.5
Quenton Jackson,Ind,*,G,26.5,18,14.1,16.4,12.6,21,0.714,52,0.577,24,0.375,0.572,0.598,5.7,1.5,1.7,0.5,0.3,0.6,7.2,7.4,8.9,6.9,120.6,107.7
Jeremiah Robinson-Earl,Nor,*,F,24.3,47,17.6,13.8,12.1,38,0.842,119,0.555,105,0.333,0.529,0.559,5.7,4.5,1.1,0.6,0.1,0.7,10.3,6.9,11.4,6.9,117.3,114.7
Dean Wade,Cle,*,F-C,28.3,39,22.3,10.6,6.8,25,0.52,35,0.686,157,0.344,0.547,0.549,5.7,5,1.5,0.8,0.4,0.4,10.7,7.3,12.3,6.3,123.4,104.3
Talen Horton-Tucker,Chi,*,G,24.3,42,11.3,21.3,12.7,51,0.725,107,0.505,85,0.365,0.523,0.555,5.7,1.7,1.3,0.4,0.2,0.7,7.4,7,8.7,8.2,108.8,112.1
Bismack Biyombo,San,*,C,32.5,7,16.3,14.2,19.9,7,0.286,28,0.679,0,0,0.679,0.644,5.7,4.7,0.9,0.6,1,1,10.4,6.6,11.3,7.1,111.5,104.1
Jarace Walker,Ind,*,F,21.5,54,15.6,16.6,19.1,59,0.644,119,0.546,122,0.369,0.55,0.568,5.6,3,1.4,0.9,0.4,1.1,8.6,7,10,7.3,102.1,106.1
Keaton Wallace,Atl,*,G,26,25,16.7,15.3,18.4,11,1,58,0.5,66,0.364,0.524,0.547,5.6,1.4,2.2,0.9,0.3,1.1,7,7.8,9.2,6.2,103.8,112.2
Gabe Vincent,Lal,*,G,28.7,50,20.3,13.1,10.1,14,0.643,78,0.551,189,0.323,0.504,0.509,5.6,1.2,1.4,0.7,0.2,0.6,6.8,7,8.2,4.2,103,108.3
Gary Payton II,Gol,*,G,32.2,48,13.7,15.8,12.4,33,0.697,142,0.697,62,0.258,0.603,0.616,5.6,2.8,1.4,0.7,0.3,0.6,8.4,7,9.8,8.2,121.7,102.3
Jamison Battle,Tor,*,F,23.8,39,12.6,15.6,6.8,14,0.857,40,0.575,123,0.423,0.62,0.633,5.5,1.8,0.8,0.1,0.1,0.3,7.3,6.3,8.2,6.3,126,113.4
Mouhamed Gueye,Atl,*,F,22.3,13,14.3,17.8,7.8,9,0.778,37,0.622,34,0.176,0.451,0.474,5.5,3.1,0.6,0.8,0.9,0.5,8.5,6.1,9.2,6.1,98.9,107.7
Orlando Robinson,Tor,*,C,24.6,16,15.4,17.4,17.5,23,0.826,61,0.492,14,0.214,0.46,0.517,5.5,4.1,1.4,0.4,0.3,1,9.6,6.9,11,8.2,107.8,107.4
Lindy Waters III,Gol,,F,27.6,38,17.2,14.5,7.6,11,0.727,57,0.474,148,0.331,0.49,0.498,5.5,2.6,1.1,0.6,0.3,0.4,8.1,6.6,9.2,5.8,104.9,107.9
Kevin Love,Mia,*,F-C,36.5,19,10.9,25.7,11.6,19,0.684,41,0.341,58,0.362,0.46,0.484,5.5,4.1,1,0.7,0.1,0.7,9.5,6.5,10.5,10.4,100.8,100.9
Jonathan Mogbo,Tor,*,F,23.3,47,18.1,14.3,16.5,62,0.71,172,0.494,46,0.304,0.486,0.522,5.4,4.1,1.7,0.8,0.5,0.9,9.6,7.1,11.2,7.4,109.8,107.4
Moussa Diabate,Cha,*,F,23.1,50,18.9,12,19,85,0.565,185,0.595,2,0,0.588,0.597,5.4,6.9,0.9,0.7,0.7,0.9,12.2,6.2,13.1,6.8,120.2,107
Kobe Bufkin,Atl,*,G,21.4,10,12.4,20.8,14.5,18,0.722,28,0.5,19,0.211,0.426,0.483,5.3,2.1,1.7,0.3,0.2,0.8,7.4,7,9.1,8.6,102.2,112.5
Kyle Anderson,Gol,,F-G,31.4,36,15,15.5,10.6,27,0.667,117,0.487,52,0.365,0.506,0.522,5.3,3.1,2.3,0.7,0.6,0.6,8.3,7.5,10.6,8.9,116.7,107.3
Karlo Matkovic,Nor,*,F-C,23.9,22,16.1,13.6,20.5,17,0.941,57,0.596,28,0.357,0.576,0.616,5.2,4,0.8,0.5,1,1,9.2,6,10,6.3,112.7,107.6
Jaylin Williams,Okc,*,F,22.7,30,16.3,14.5,12.9,10,1,42,0.548,99,0.323,0.504,0.523,5.1,5.5,2.4,0.4,0.6,0.7,10.6,7.5,13,10,118.7,96.6
Luke Kornet,Bos,*,C-F,29.6,52,17.2,10.5,11.7,63,0.762,164,0.665,1,0,0.661,0.69,5.1,5,1.6,0.5,1,0.4,10.1,6.7,11.7,8,152.8,104.2
Tidjane Salaun,Cha,*,F,19.6,44,19.2,14.9,13.9,57,0.719,97,0.351,139,0.266,0.379,0.421,5,4.2,1,0.5,0.3,0.9,9.2,6,10.2,5.7,92.1,111.5
Alondes Williams,Det,*,G,25.7,1,3.7,22.8,0,0,0,1,1,1,1,1.25,1.25,5,0,1,0,0,0,5,6,6,0,0,0
Neemias Queta,Bos,*,C,25.6,46,14.1,13.3,15.9,48,0.729,146,0.664,2,0,0.655,0.677,5,3.6,0.6,0.3,0.7,0.6,8.6,5.6,9.2,6.3,130.7,100.3
Kevon Looney,Gol,*,F,29.1,54,15.8,14.2,12.8,74,0.568,223,0.511,2,0,0.507,0.524,5,6.7,1.7,0.7,0.4,0.6,11.7,6.7,13.4,9.7,123.8,97.4
Jaylen Clark,Min,*,G,23.4,19,15.8,12.2,3.9,18,0.778,41,0.463,33,0.424,0.541,0.574,4.9,1.4,0.6,1.1,0.1,0.2,6.4,5.6,7,4.1,126.6,103.4
Ryan Rollins,Mil,*,G,22.7,39,12.5,18.5,16.7,24,0.833,95,0.526,69,0.348,0.524,0.55,4.9,1.6,1.3,0.7,0.3,0.8,6.6,6.2,7.9,6.9,104.5,103.9
DaQuan Jeffries,Cha,*,G-F,27.5,24,18.8,12.7,12.3,13,0.846,48,0.542,66,0.273,0.465,0.489,4.9,2.8,1.1,0.6,0.4,0.7,7.7,6,8.8,5.3,102.7,108.4
Marvin Bagley III,Was,,F,26,19,8.8,23.1,13.4,23,0.652,61,0.59,10,0.2,0.549,0.573,4.9,2.9,0.4,0.4,0.3,0.6,7.8,5.3,8.2,8.1,112.9,113.9
Monte Morris,Pho,*,G,29.7,40,13,17.4,9,40,0.85,98,0.48,73,0.301,0.468,0.514,4.9,1.4,1.7,0.4,0.1,0.4,6.3,6.5,7.9,7,111.6,118.9
Kyle Anderson,Mia,*,F-G,31.4,7,13.2,16.3,11,16,0.75,20,0.4,4,0.5,0.458,0.548,4.9,3.3,1.3,0,0.3,0.4,8.1,6.1,9.4,8.4,125.4,106.6
Kevin Knox II,Gol,*,F,25.6,5,7.4,24.7,4.9,4,0.75,9,0.667,10,0.3,0.553,0.578,4.8,1.8,0.6,0.2,0.4,0.2,6.6,5.4,7.2,9.4,124.2,106
Aaron Holiday,Hou,*,G,28.4,44,12.5,15.6,11.2,30,0.867,63,0.524,111,0.351,0.526,0.558,4.8,1.3,1.2,0.4,0.1,0.5,6,6,7.2,6.3,117.2,106.5
Jordan Miller,Lac,*,G,25.1,30,12.4,18.8,14.8,33,0.788,90,0.511,36,0.222,0.46,0.505,4.7,1.7,1.1,0.5,0.2,0.7,6.5,5.8,7.6,6.7,104,109.7
Taylor Hendricks,Uta,*,F,21.3,3,24.8,12.3,9.8,4,0.75,6,0.167,12,0.25,0.306,0.354,4.7,5,0.7,1.7,1.3,0.7,9.7,5.3,10.3,4.1,87.6,108.9
Sandro Mamukelashvili,San,*,F-C,25.8,37,8.9,19.6,10.1,29,0.724,49,0.714,75,0.373,0.621,0.64,4.7,2.4,0.5,0.4,0.3,0.4,7.1,5.2,7.6,8,122.2,106.6
Charles Bassey,San,*,C-F,24.3,34,10.7,18,16.5,33,0.636,116,0.586,0,0,0.586,0.601,4.6,4.4,0.5,0.4,0.9,0.7,9.1,5.1,9.6,8.1,117,100.5
Mo Bamba,Lac,*,C,26.8,28,12.6,16.3,15.5,25,0.68,53,0.623,50,0.3,0.539,0.561,4.6,4.3,0.6,0.3,1,0.7,8.9,5.1,9.4,7.2,108.8,95.9
Zach Collins,San,,F-C,27.3,36,11.8,17.1,14.8,35,0.886,86,0.547,46,0.304,0.515,0.566,4.6,2.8,1.4,0.4,0.4,0.6,7.4,6.1,8.9,8.9,118.5,100.7
Trentyn Flowers,Lac,*,F,20,2,7.9,28.5,9.6,1,1,7,0.571,2,0,0.444,0.477,4.5,2,0,0,0,0.5,6.5,4.5,6.5,0,91.4,94.3
David Roddy,Atl,,F,23.9,27,12.8,14.5,17.6,22,0.818,50,0.56,43,0.372,0.559,0.594,4.5,2.6,1.1,0.4,0.3,0.7,7.1,5.6,8.2,7.3,110.5,113
Trevelin Queen,Orl,*,G,28,26,14.3,17.6,13.9,15,0.867,59,0.475,65,0.246,0.419,0.448,4.5,1.6,1.3,1,0.4,0.8,6.1,5.8,7.4,5.9,95.5,103.4
Markelle Fultz,Sac,*,G,26.8,4,9.1,24,29.4,1,1,12,0.583,2,0.5,0.607,0.623,4.5,1,0.8,0.8,0,1.5,5.5,5.3,6.3,6.7,89.4,108
Julian Phillips,Chi,*,F,21.3,58,13.2,13.6,9.8,57,0.737,92,0.565,110,0.336,0.532,0.566,4.4,2,0.4,0.4,0.2,0.4,6.4,4.8,6.8,4.6,114.6,111.8
Jett Howard,Orl,*,G,21.5,49,11.5,18.5,10.8,20,0.75,56,0.518,151,0.318,0.488,0.503,4.4,1.2,0.8,0.2,0.2,0.5,5.7,5.2,6.5,5.6,101.6,107
Tre Jones,San,,G,25.1,28,16.1,12.1,18.4,33,0.758,67,0.552,26,0.308,0.527,0.572,4.4,2.1,3.7,0.6,0.2,0.8,6.5,8.1,10.2,8.1,127.4,112
Reggie Jackson,Phi,*,G,34.9,31,12.4,17.6,11.3,9,0.778,59,0.458,74,0.338,0.485,0.496,4.4,1.4,1.5,0.5,0.1,0.5,5.7,5.8,7.2,6.8,103.8,111.5
Patty Mills,Uta,,G,36.6,17,15.3,15,16.4,5,1,19,0.474,57,0.298,0.454,0.473,4.4,1.2,1.2,0.7,0.2,0.9,5.6,5.6,6.8,4.8,93.7,119.1
Daniel Theis,Nor,*,F-C,32.9,38,16.4,11.5,16.2,37,0.838,92,0.565,37,0.243,0.508,0.558,4.3,4.3,1.6,0.5,0.5,0.7,8.6,5.8,10.2,7.5,118.2,109.1
Pat Connaughton,Mil,*,G,32.2,31,14.8,13.5,14,17,0.765,54,0.556,62,0.323,0.517,0.539,4.3,2.6,1.6,0.2,0.3,0.6,6.9,5.9,8.6,7.1,112.2,109.3
Cody Williams,Uta,*,F,20.3,34,20.5,12.2,15.3,29,0.724,81,0.37,79,0.266,0.384,0.417,4.2,2.3,1.3,0.5,0.3,0.9,6.5,5.5,7.8,4.5,90.6,115
Antonio Reeves,Nor,*,G,22.3,28,10.2,18,8.4,9,0.889,50,0.52,58,0.328,0.505,0.523,4.2,1.1,0.7,0.4,0.1,0.4,5.3,4.9,6,5.8,107.5,119.8
Kris Murray,Por,*,F,24.5,50,13.8,13.8,11.5,40,0.425,109,0.596,76,0.276,0.522,0.518,4.2,2.2,0.9,0.4,0.2,0.5,6.4,5.1,7.2,5.9,109.7,114.6
Jabari Walker,Por,*,F,22.6,43,11.3,15.9,13.4,45,0.667,97,0.598,45,0.267,0.535,0.562,4.2,3.3,0.7,0.6,0.1,0.5,7.5,4.9,8.2,7.5,114.3,102
Paul Reed,Det,*,F,25.7,35,9.1,18.5,14.4,34,0.794,86,0.593,21,0.286,0.561,0.603,4.2,2.5,0.9,0.9,0.5,0.5,6.7,5.1,7.7,9.3,122.3,92.8
Dalen Terry,Chi,*,F,22.6,53,12.5,14.5,17.5,56,0.679,108,0.537,61,0.344,0.53,0.56,4.1,1.5,1.2,0.5,0.2,0.7,5.6,5.3,6.8,6.2,109.8,109.9
Malaki Branham,San,*,F,21.8,34,8.8,21.9,19.3,20,0.85,62,0.468,55,0.382,0.517,0.548,4.1,1.1,0.8,0.2,0.1,0.8,5.1,4.8,5.9,7,95.2,114.5
Micah Potter,Uta,*,C,26.9,26,17.3,9.8,18.9,12,0.917,19,0.632,62,0.387,0.593,0.62,4.1,4,0.7,0.2,0.3,0.7,8.1,4.8,8.8,5.2,117,114.6
Thomas Bryant,Mia,,C-F,27.6,10,11.5,13.4,6.6,11,1,11,0.545,17,0.353,0.536,0.624,4.1,3.2,0.4,0.1,0.9,0.2,7.3,4.5,7.7,6,131.3,106.7
Mason Plumlee,Pho,*,F-C,35,59,17.7,10.3,23.5,90,0.622,154,0.597,2,0,0.59,0.613,4.1,6.3,1.9,0.5,0.7,0.8,10.3,6,12.2,8.3,128.2,104.1
Javonte Green,Cle,*,G,31.6,1,6.3,13.5,0,0,0,2,1,0,0,1,1,4,3,0,0,0,0,7,4,7,0,200,107
Dariq Whitehead,Bro,*,G-F,20.6,9,6.3,24.9,19.3,3,0.333,4,0.25,21,0.524,0.7,0.684,4,0.7,0.1,0.3,0.1,0.7,4.7,4.1,4.8,4.2,99.5,115.7
Oscar Tshiebwe,Uta,*,F-C,25.3,4,13.6,8.8,13.6,10,0.8,6,0.667,0,0,0.667,0.769,4,5.8,0.3,1.3,0,0.3,9.8,4.3,10,5.6,159.5,90.1
MarJon Beauchamp,Lac,*,F,24.4,3,5.7,24.5,12.2,4,0.5,4,0.5,3,0.667,0.714,0.685,4,1,0.7,0,0,0.3,5,4.7,5.7,9.9,132.6,106.5
Gui Santos,Gol,*,F,22.7,35,12.9,13.2,19,25,0.72,41,0.61,65,0.369,0.575,0.598,4,3,1.3,0.5,0.1,0.7,7,5.3,8.3,7.7,119.5,103.3
Jock Landale,Hou,*,C,29.4,30,10.5,16.7,11.5,34,0.676,85,0.471,15,0.4,0.49,0.526,4,3.2,0.8,0.2,0.3,0.4,7.2,4.9,8,8.3,116.9,104
Josh Richardson,Mia,*,G,31.5,8,18.7,14.1,17.2,4,1,16,0.313,22,0.273,0.368,0.402,4,1.5,1.5,1,0.1,1,5.5,5.5,7,4.4,87.3,105.9
Kyle Lowry,Phi,*,G,38.9,33,18.9,10.3,15.2,33,0.818,28,0.393,83,0.337,0.477,0.53,4,2,2.8,0.9,0.3,0.6,6,6.8,8.8,6,119.6,110
Luka Garza,Min,*,C,26.2,28,6.4,25.6,9.5,29,0.655,55,0.618,30,0.233,0.524,0.552,3.9,1.7,0.3,0.2,0.1,0.3,5.6,4.1,5.9,7.9,115.9,100.4
Devin Carter,Sac,*,G,23,18,9.3,21,10.8,20,0.75,33,0.394,33,0.273,0.402,0.455,3.8,2.3,1.2,0.3,0.2,0.4,6.1,4.9,7.2,9.4,101.9,107.8
Brandon Williams,Dal,*,G,25.3,20,8.6,19.2,18.7,19,0.789,33,0.455,23,0.435,0.536,0.583,3.8,0.8,1.2,0.3,0.1,0.7,4.6,4.9,5.7,7.2,110.4,112.9
Pelle Larsson,Mia,*,G,24,37,12.3,13,10.9,33,0.667,53,0.566,53,0.34,0.538,0.564,3.7,1.4,0.8,0.4,0.1,0.4,5.1,4.5,5.9,5.2,115.1,103.2
Olivier-Maxence Prosper,Dal,*,F,22.7,50,10.9,16.3,7.9,66,0.636,117,0.479,47,0.213,0.433,0.477,3.7,2.4,0.7,0.5,0.1,0.3,6.1,4.4,6.8,6.7,110.2,112.2
Andre Jackson Jr.,Mil,*,G,23.3,54,16.5,11.5,22.5,18,0.556,105,0.524,70,0.386,0.546,0.549,3.7,3,1.4,0.6,0.2,0.9,6.8,5.1,8.1,6,107.4,103.7
Ousmane Dieng,Okc,*,F,21.8,30,11.1,16.2,12.5,16,0.688,45,0.556,60,0.283,0.481,0.5,3.7,2.3,0.9,0.5,0.2,0.5,6.1,4.7,7,7.1,104.9,102.1
Jae'Sean Tate,Hou,*,F,29.3,39,11.8,13.9,13.1,41,0.659,86,0.512,33,0.303,0.496,0.529,3.7,2.2,0.9,0.6,0.1,0.5,5.9,4.6,6.8,6.6,114.5,98
Jevon Carter,Chi,*,G,29.5,27,7.2,21.3,9.4,10,0.8,24,0.5,62,0.371,0.541,0.559,3.7,0.9,1,0.3,0,0.3,4.7,4.7,5.6,8.3,111.5,117.1
Damion Lee,Pho,*,G-F,32.4,15,6.6,28.6,10.5,17,0.941,26,0.462,25,0.2,0.382,0.47,3.7,0.9,0.5,0.3,0,0.4,4.5,4.2,5.1,7.2,96.2,116.7
Markieff Morris,Lal,*,F,35.5,3,6.7,25.8,8.7,2,1,3,0,7,0.429,0.45,0.506,3.7,0.3,1,0,0,0.3,4,4.7,5,6.2,107.1,105.1
Isaac Jones,Sac,*,F,24.6,25,8.7,15.9,17.1,26,0.538,54,0.685,4,0.25,0.664,0.655,3.6,1.5,0.3,0.1,0.3,0.5,5.2,4,5.5,5.4,117.6,107.5
Cam Spencer,Mem,*,G,24.9,11,11.4,12.7,13.7,9,1,15,0.533,16,0.313,0.5,0.572,3.6,1.5,1.5,0.3,0.1,0.5,5.2,5.1,6.6,7,124.2,108.9
Nate Williams,Hou,*,G,26,8,5.5,25.4,18.5,0,0,12,0.833,10,0.3,0.659,0.659,3.6,0.6,0.5,0.4,0.4,0.6,4.3,4.1,4.8,7.5,109.1,103.4
Jamal Cain,Nor,*,F,26,23,12.2,13.3,12.5,20,0.65,29,0.552,41,0.293,0.486,0.514,3.5,2.2,0.5,0.5,0.3,0.4,5.7,4,6.2,5.1,106.9,113.6
Collin Gillespie,Pho,*,G,25.7,11,6.1,20.3,10.6,7,0.857,17,0.588,8,0.5,0.64,0.677,3.5,0.9,1.1,0.3,0.2,0.3,4.4,4.5,5.5,9.9,138.1,111.1
Jaden Springer,Uta,*,G,22.4,4,8.7,15.6,24.1,2,1,5,0.6,4,0.5,0.667,0.709,3.5,1,1.3,0.8,0,0.8,4.5,4.8,5.8,7.6,124,112.6
Dario Saric,Den,*,F-C,30.9,15,13.5,15.5,19.9,10,0.7,30,0.4,26,0.269,0.402,0.43,3.5,3.3,1.5,0.5,0.1,0.9,6.7,4.9,8.2,7.7,94.8,108
Steven Adams,Hou,*,C,31.6,42,12.1,14.3,24.1,65,0.446,112,0.518,1,0,0.513,0.512,3.5,5,1.1,0.3,0.5,0.9,8.4,4.5,9.5,8.9,111,104.4
Reed Sheppard,Hou,*,G,20.7,42,11.4,17,12.5,12,0.917,66,0.364,102,0.275,0.393,0.413,3.4,1.4,1,0.6,0.3,0.6,4.8,4.5,5.8,5.9,92.9,106
Jeff Dowtin Jr.,Phi,*,G,27.8,27,11,15.3,4.2,17,0.706,66,0.439,26,0.269,0.429,0.457,3.4,1.1,1.6,0.3,0.1,0.1,4.5,4.9,6.1,6.6,110.3,116.4
Jarred Vanderbilt,Lal,*,F,25.9,14,15,11.5,20.8,16,0.438,25,0.52,13,0.385,0.539,0.533,3.4,5,1.1,1,0.1,0.7,8.4,4.6,9.6,7.1,114.3,98.9
Landry Shamet,Nyk,*,G,28,27,11.2,13.3,11.1,7,0.429,33,0.636,47,0.34,0.563,0.56,3.4,0.9,0.6,0.4,0.1,0.4,4.3,4.1,4.9,4.4,108.7,113.7
Bruno Fernando,Tor,*,F-C,26.5,17,8.6,19.2,22.1,8,0.75,49,0.531,0,0,0.531,0.552,3.4,3,1.1,0.2,0.5,0.8,6.4,4.5,7.5,10.4,107.2,98.1
DeAndre Jordan,Den,*,C,36.6,45,11.5,12.5,23.9,35,0.4,105,0.657,0,0,0.657,0.631,3.4,4.7,0.8,0.3,0.4,0.7,8.1,4.2,8.9,8.1,117.7,103
Oso Ighodaro,Pho,*,F,22.6,43,14.1,10.7,17.5,36,0.528,106,0.585,2,0,0.574,0.577,3.3,3.1,1,0.4,0.3,0.5,6.4,4.3,7.4,6.2,116,109.6
Nae'Qwan Tomlin,Cle,*,F,24.2,3,4.8,30.3,10.8,3,0.667,6,0.667,2,0,0.5,0.536,3.3,2,0,0,0,0.3,5.3,3.3,5.3,0,101.5,95.9
Cam Reddish,Lal,*,F-G,25.5,31,18.1,8.6,12.2,26,0.615,41,0.585,45,0.289,0.506,0.529,3.3,2,0.7,1,0.3,0.4,5.3,4.1,6.1,3.7,109.4,108.7
Doug McDermott,Sac,*,F,33.2,32,8.3,14.9,6.6,5,0.6,13,0.385,72,0.431,0.606,0.608,3.3,0.5,0.1,0.1,0,0.2,3.8,3.4,4,2.6,114,111
Nicolas Batum,Lac,*,G-F,36.2,57,17,8.5,11.9,16,0.813,27,0.407,135,0.378,0.54,0.556,3.3,2.8,1.2,0.6,0.4,0.4,6.1,4.5,7.2,5.2,119.2,105.7
Jaylon Tyson,Cle,*,G-F,22.2,38,9.5,14.9,16.1,18,0.778,61,0.525,38,0.368,0.535,0.561,3.2,2.1,0.9,0.2,0.1,0.5,5.2,4.1,6.2,7.7,117.9,103
Jackson Rowe,Gol,*,F,28.2,5,8.5,17.4,6.2,4,0.5,6,0.667,9,0.222,0.467,0.477,3.2,1.6,0.6,0.6,0,0.2,4.8,3.8,5.4,6.8,100.6,102.8
Elijah Harkless,Uta,*,G,25.1,10,13.8,12.4,7.8,6,0.5,10,0.4,25,0.28,0.414,0.425,3.2,2.1,0.8,1,0.1,0.3,5.3,4,6.1,5.1,102.5,107.6
Craig Porter,Cle,*,G,25,37,9.2,14,20.5,13,0.769,55,0.6,30,0.467,0.635,0.65,3.2,1.2,1.4,0.4,0.3,0.6,4.4,4.6,5.7,7.6,122.4,111.3
Wendell Moore Jr.,Det,,G,23.5,20,10.9,12.6,15.1,14,0.929,36,0.528,14,0.286,0.5,0.561,3.2,2.2,1.2,0.5,0.2,0.5,5.4,4.3,6.5,7.5,118.8,108.5
Moses Brown,Ind,,C,25.4,9,5.1,26.8,22.8,5,0.6,20,0.65,0,0,0.65,0.653,3.2,1.4,0,0.2,0.1,0.7,4.7,3.2,4.7,0,98.6,102.6
Jalen Pickett,Den,*,G,25.4,28,10.6,13.3,12.8,2,1,39,0.513,42,0.381,0.543,0.55,3.2,1.1,1.8,0.3,0.1,0.4,4.3,5,6.1,7,118.2,115.4
Shake Milton,Lal,*,G,28.4,17,10.9,14.8,21.7,17,0.882,25,0.56,18,0.222,0.465,0.545,3.2,1.9,1.4,0.2,0.1,0.7,5.1,4.6,6.5,7.5,109.5,110.1
JT Thor,Cle,*,F,22.5,9,4.7,24.5,28.1,8,0.875,9,0.667,6,0.5,0.7,0.756,3.1,0.7,0.1,0.2,0.3,0.7,3.8,3.2,3.9,5.1,113.8,101.2
Gary Harris,Orl,*,G,30.5,31,15.5,9.9,11.4,10,0.6,22,0.5,71,0.324,0.489,0.498,3.1,1.2,0.5,0.6,0.3,0.4,4.4,3.6,4.9,3.2,101.8,109.9
Trey Jemison,Lal,*,C,25.3,10,9.9,13.1,14.7,6,0.333,23,0.609,0,0,0.609,0.585,3,2.9,0.2,0.1,0.6,0.4,5.9,3.2,6.1,4.9,111.4,93.6
Adem Bona,Phi,*,F,21.9,40,11.1,11,29.9,48,0.646,63,0.698,0,0,0.698,0.707,3,2.9,0.3,0.2,0.8,0.7,5.9,3.3,6.1,5,120.1,100.2
Taze Moore,Por,*,G,26.7,2,10,27.1,16.4,2,0.5,6,0.167,4,0.25,0.25,0.276,3,4,0.5,1,0,1,7,3.5,7.5,7.3,72,114.2
Blake Wesley,San,*,G,22,35,8.7,17.9,24.1,27,0.667,64,0.563,24,0.208,0.494,0.526,3,0.7,1.9,0.4,0.1,0.8,3.7,4.9,5.6,7.3,104.1,114.8
Kylor Kelley,Dal,*,C,27.5,8,8.3,10.7,7,6,0.667,13,0.769,0,0,0.769,0.767,3,2.6,0.3,0,0.3,0.1,5.6,3.3,5.9,6.4,157.9,105.1
Mason Jones,Sac,*,G,26.6,7,5,22.3,5.8,3,0.667,10,0.8,6,0.167,0.594,0.606,3,1.1,1.4,0,0,0.1,4.1,4.4,5.6,13.3,138.2,110.4
Zeke Nnaji,Den,*,F-C,24.1,39,9.3,12.2,6.2,21,0.571,59,0.661,31,0.29,0.583,0.589,3,1.5,0.3,0.3,0.5,0.2,4.5,3.3,4.8,4.8,122.7,107.9
Maxi Kleber,Dal,*,F,33.1,34,18.7,8.6,19.3,21,0.762,47,0.511,49,0.265,0.453,0.489,3,2.8,1.3,0.3,0.5,0.7,5.8,4.3,7.1,4.7,104.3,109
Taj Gibson,Cha,*,F,39.7,25,11.6,13.3,22.5,16,0.688,63,0.476,2,0.5,0.485,0.514,3,3.8,0.6,0.3,0.5,0.8,6.7,3.5,7.3,6.5,103,102.6
AJ Johnson,Mil,,G,20.2,7,6.3,23.7,17.2,2,0.5,14,0.357,5,0.6,0.5,0.503,2.9,1,1,0.1,0,0.6,3.9,3.9,4.9,9.1,94.9,116.1
Tyler Smith,Mil,*,F,20.3,15,5,24.3,14.9,4,0.5,14,0.643,20,0.4,0.618,0.615,2.9,1.3,0.3,0.1,0.2,0.4,4.2,3.2,4.5,8.3,106.5,102.8
Dominick Barlow,Atl,*,F,21.8,18,7.8,15,4.1,8,0.5,33,0.515,13,0.385,0.533,0.535,2.9,1.6,0.2,0.2,0.4,0.1,4.5,3.2,4.7,5,112.3,110.5
Caleb Houstan,Orl,*,G,22.1,39,11.6,11.3,4.4,11,0.909,15,0.4,93,0.323,0.472,0.496,2.9,1,0.4,0.2,0.1,0.1,3.8,3.3,4.3,3.6,109.5,108.3
Jae Crowder,Sac,*,F,34.7,7,13.1,11,18.7,6,0.833,5,0.6,12,0.25,0.441,0.509,2.9,2.4,0.6,0.4,0,0.6,5.3,3.4,5.9,4.9,105.8,107.2
Branden Carlson,Okc,*,C,25.7,19,5.6,17,7.1,2,1,8,0.625,31,0.452,0.667,0.677,2.8,1.4,0.3,0.1,0.3,0.2,4.2,3.2,4.5,7.5,131.5,98.6
TyTy Washington Jr.,Pho,*,G,23.3,10,9.3,19.3,7.6,4,0.75,18,0.444,18,0.167,0.347,0.371,2.8,1.2,1.2,0.3,0,0.3,4,4,5.2,6.8,91.5,120
Pat Spencer,Gol,*,G,28.7,27,7.2,21.8,13.6,15,0.733,65,0.446,17,0.118,0.39,0.423,2.8,1.5,1.4,0.4,0.1,0.5,4.3,4.1,5.6,10,99.7,106.5
Drew Eubanks,Lac,*,F-C,28.1,6,8.8,12.3,13.3,0,0,12,0.667,1,0,0.615,0.615,2.7,2.5,0.2,0,0.3,0.3,5.2,2.8,5.3,5,122.3,112.4
Drew Peterson,Bos,*,F,25.3,16,8.3,11.5,18.5,7,0.857,6,0.667,20,0.45,0.673,0.705,2.6,1.7,0.7,0.2,0.1,0.4,4.3,3.3,4.9,7,130.5,104.4
E.J. Liddell,Chi,*,F,24.2,6,5.1,14.9,19.2,2,1,2,1,6,0.5,0.813,0.845,2.5,0.8,0.5,0.2,0,0.3,3.3,3,3.8,7.8,138.5,92.8
John Konchar,Mem,*,G,28.9,31,12.8,8.4,14.7,6,0.833,20,0.65,49,0.306,0.514,0.53,2.5,3.5,1,0.5,0.4,0.4,5.9,3.5,6.9,6.4,118.5,108
Lonnie Walker IV,Phi,*,G-F,26.2,4,12.5,20.2,13,0,0,7,0.286,13,0.154,0.25,0.25,2.5,2.5,0.8,0,0.3,0.8,5,3.3,5.8,5.5,53.9,118.1
Torrey Craig,Bos,*,F,34.2,4,8.8,12.4,10,0,0,2,1,7,0.286,0.556,0.556,2.5,1.3,0.5,0,1,0.3,3.8,3,4.3,5.3,120.6,112.6
Delon Wright,Mil,,G,32.8,26,15.6,11.1,14.5,16,0.563,33,0.303,49,0.245,0.341,0.365,2.5,1.8,1.8,0.9,0.3,0.5,4.3,4.3,6.1,5.1,94.3,111.9
Trey Jemison,Nor,,C,25.3,16,10.4,13,23.7,21,0.381,32,0.469,0,0,0.469,0.461,2.4,2.8,0.6,0.4,0.4,0.6,5.1,3,5.8,6.1,99.4,104.9
Duop Reath,Por,*,C,28.7,28,5.4,19,7.8,10,0.8,20,0.6,39,0.308,0.508,0.536,2.4,0.9,0.3,0,0.1,0.2,3.4,2.7,3.6,6.4,113.6,109.9
Kobe Brown,Lac,*,F,25.2,25,7.5,14.6,11.4,5,0.8,35,0.629,19,0.211,0.519,0.534,2.4,1.9,0.6,0.2,0.1,0.3,4.3,3,5,7.5,114.9,105
Josh Minott,Min,*,F,22.3,34,6.6,16.3,10.1,13,0.846,40,0.625,31,0.226,0.5,0.534,2.4,1.1,0.4,0.4,0.3,0.2,3.5,2.8,3.9,6.2,110.2,100.7
Johnny Davis,Was,*,G,23,34,7.1,15.9,8.2,15,0.6,49,0.51,29,0.241,0.455,0.473,2.4,1.1,0.3,0.4,0.2,0.2,3.5,2.7,3.8,5.2,98.6,114.4
AJ Johnson,Was,*,G,20.2,3,8.7,14.5,11.1,0,0,3,0.667,5,0.2,0.438,0.438,2.3,0.7,1.7,0,0,0.3,3,4,4.7,6.4,102.2,106.1
Rayan Rupert,Por,*,G-F,20.8,39,7.8,15,18.9,20,0.75,44,0.5,37,0.27,0.457,0.496,2.3,1.2,0.5,0.2,0.1,0.5,3.5,2.7,3.9,5.7,99.2,113.5
Lester Quinones,Phi,*,G,24.3,4,4.3,32.2,32.2,1,1,5,0.8,3,0,0.5,0.533,2.3,1,0.3,0,0,1,3.3,2.5,3.5,8.2,84.1,124.9
Kessler Edwards,Dal,*,F,24.6,30,11.2,10.3,11.2,3,1,41,0.512,30,0.267,0.465,0.477,2.3,2.3,0.8,0.4,0.4,0.3,4.6,3.1,5.5,5.8,107.2,106
Vlatko Cancar,Den,*,F,27.9,4,8.6,11,22.2,0,0,5,0.6,2,0.5,0.643,0.643,2.3,2,0,0,0.3,0.5,4.3,2.3,4.3,0,106.8,107.8
Dillon Jones,Okc,*,F,23.3,36,9,14.4,13.8,20,0.55,39,0.487,48,0.208,0.391,0.412,2.2,2,1,0.2,0.1,0.4,4.2,3.2,5.3,7.3,100.2,100.3
Christian Koloko,Lal,*,C,24.7,29,8.5,9.6,13.9,8,0.875,41,0.683,2,0,0.651,0.677,2.2,2.2,0.4,0.2,0.3,0.2,4.4,2.6,4.8,5.9,140,102.9
A.J. Lawson,Tor,*,G,24.6,5,3.3,24.2,0,3,0.333,3,0.667,5,0.4,0.625,0.59,2.2,0.8,0,0,0,0,3,2.2,3,0,0,0
Kai Jones,Lac,*,C-F,24.1,28,7.4,10.6,21.6,12,0.75,34,0.765,2,0,0.722,0.739,2.2,1.6,0.4,0.2,0.4,0.4,3.8,2.5,4.2,6.1,129.4,102.4
Hunter Tyson,Den,*,F,24.7,41,7.6,13.2,14.9,23,0.696,25,0.48,49,0.306,0.466,0.505,2.1,1.5,0.3,0.1,0.1,0.3,3.5,2.4,3.9,5.2,102.9,106.5
Pete Nance,Phi,*,F,25,7,9.8,10.2,0,2,0.5,3,0.333,12,0.333,0.467,0.472,2.1,1.4,0.4,0.1,0,0,3.6,2.6,4,4.3,112.1,105.7
Jake LaRavia,Sac,*,F,23.3,8,13.7,13.5,24.2,4,0,10,0.4,15,0.2,0.34,0.318,2.1,2.3,1.1,0.6,0.3,1,4.4,3.3,5.5,5.1,76.9,107.4
Patrick Baldwin Jr.,Was,*,F,22.3,22,4.6,16.5,13.1,4,0.5,12,0.5,21,0.524,0.682,0.676,2.1,1,0.1,0.1,0.1,0.2,3.1,2.2,3.2,5.2,115.6,117.3
Orlando Robinson,Sac,,C,24.6,9,6.3,18,18.8,7,0.571,12,0.5,5,0.2,0.441,0.473,2.1,1.6,1,0.3,0.1,0.4,3.7,3.1,4.7,9.5,102,104.3
Chris Duarte,Chi,*,G,27.7,17,4.4,17.1,3.7,8,0.75,11,0.545,15,0.4,0.577,0.61,2.1,1.2,0.5,0,0,0.1,3.3,2.6,3.8,9.8,135.1,111.1
Malachi Flynn,Cha,*,G,26.8,1,8.5,14.9,66.7,0,0,1,1,0,0,1,1,2,0,2,0,0,2,2,4,4,0,80.7,125.7
Alex Reese,Okc,*,F-G,25.8,1,1.9,22.3,0,0,0,1,1,0,0,1,1,2,1,0,0,0,0,3,2,3,0,0,0
Adama Sanogo,Chi,*,F,23,4,5.4,15.6,12.5,0,0,7,0.571,0,0,0.571,0.571,2,1.5,0.3,0,0,0.3,3.5,2.3,3.8,7.2,125.8,120.7
Reece Beekman,Bro,*,G,23.4,25,11.5,13.2,19.5,11,0.545,39,0.41,27,0.148,0.333,0.353,2,0.8,1.3,0.7,0.1,0.6,2.8,3.3,4.1,4.4,80.3,113.4
Jalen Hood-Schifino,Lal,*,G,21.7,2,7.1,9,41,2,1,1,1,0,0,1,1.064,2,0.5,0.5,0,0.5,0.5,2.5,2.5,3,4.5,151.4,99.4
Keion Brooks Jr.,Nor,*,F,24.6,2,4.9,16.1,0,4,0.5,1,1,1,0,0.5,0.532,2,1.5,0.5,0,0,0,3.5,2.5,4,9.3,129.8,111.6
MarJon Beauchamp,Mil,,F,24.4,26,4.7,23.3,21.5,12,0.75,26,0.423,21,0.333,0.457,0.497,2,1.2,0.3,0.1,0,0.5,3.2,2.3,3.5,7.6,90.1,105.6
Patty Mills,Lac,*,G,36.6,5,5.3,17.8,9.8,2,0.5,0,0,9,0.333,0.5,0.506,2,0,0.6,0.2,0,0.2,2,2.6,2.6,0,106.1,93.2
Pacome Dadiet,Nyk,*,F,19.6,14,6.8,13.8,6.8,3,0.667,10,0.3,17,0.353,0.444,0.459,1.9,1,0.4,0.2,0.1,0.1,2.9,2.2,3.2,5.4,97.1,112.6
Ariel Hukporti,Nyk,*,C,22.9,25,8.7,11.5,40.2,13,0.462,31,0.677,0,0,0.677,0.654,1.9,2,0.4,0,0.6,0.8,4,2.4,4.4,5.3,95,102.8
Jordan McLaughlin,Sac,,G,28.9,28,6.8,13.9,19.9,16,0.688,18,0.333,26,0.385,0.477,0.519,1.9,0.8,0.9,0.4,0,0.4,2.6,2.8,3.5,6.5,105.5,111
Cory Joseph,Orl,*,G,33.5,32,7.3,13.9,15,4,0.5,19,0.368,43,0.349,0.476,0.478,1.9,0.7,0.8,0.3,0.1,0.3,2.6,2.7,3.4,5.6,99.1,106.6
Cam Christie,Lac,*,G,19.6,6,5.2,20.6,14.1,2,0.5,4,0.5,8,0.25,0.417,0.427,1.8,1,0.3,0.3,0,0.3,2.8,2.2,3.2,6.3,85.8,105.3
Tyler Kolek,Nyk,*,G,23.9,29,5.1,17.2,15.9,6,1,19,0.368,28,0.393,0.5,0.534,1.8,0.5,0.8,0.2,0,0.3,2.3,2.6,3.1,7,109,110.3
Leonard Miller,Min,*,F,21.3,8,2.8,34,13.9,8,1,7,0.429,5,0,0.25,0.451,1.8,1.3,0,0.1,0.1,0.3,3,1.8,3,0,0,0
Anthony Gill,Was,*,F,32.4,38,5.7,12.3,11.7,28,0.607,29,0.586,16,0.375,0.578,0.602,1.8,0.8,0.2,0.2,0.1,0.2,2.6,2,2.8,4.6,116.4,115.3
Enrique Freeman,Ind,*,F,24.6,19,7.3,11.1,16.5,13,0.538,19,0.579,6,0.167,0.5,0.521,1.7,1,0.4,0.1,0.1,0.3,2.7,2.1,3.1,4.8,106.6,107.8
Johnny Furphy,Ind,*,G,20.2,37,6.8,12.1,13.5,9,1,25,0.4,32,0.344,0.465,0.509,1.7,1.1,0.3,0.3,0.2,0.2,2.8,1.9,3,4.9,107.1,109.2
Jericho Sims,Mil,*,C,26.4,6,15.1,7.2,40,0,0,9,0.556,0,0,0.556,0.556,1.7,4.3,0.7,0,0.5,1,6,2.3,6.7,4.6,93.8,104.7
David Duke Jr.,San,*,G,25.4,3,5.1,24.7,12.2,2,0.5,6,0.333,1,0,0.286,0.317,1.7,0.7,0.7,0,0,0.3,2.3,2.3,3,7.4,71.5,114
Jaden Springer,Bos,,G,22.4,26,5.4,14.6,10.4,21,0.714,15,0.4,19,0.316,0.441,0.52,1.7,0.9,0.4,0.5,0,0.2,2.7,2.1,3,6.3,113.7,97.9
Markieff Morris,Dal,,F,35.5,7,5.8,25.2,8.3,0,0,9,0.333,13,0.154,0.273,0.273,1.7,1.1,0.6,0.1,0.1,0.3,2.9,2.3,3.4,7.2,63.7,111.5
Armel Traore,Lal,*,F,22.1,9,7.4,16.5,13.6,7,0.286,12,0.5,7,0,0.316,0.317,1.6,1.7,0.1,0.4,0.2,0.3,3.2,1.7,3.3,3.5,65.2,103.5
Keshad Johnson,Mia,*,F,23.7,10,5.7,13.7,19.9,6,0.167,8,0.75,4,0.25,0.625,0.546,1.6,1.7,0.3,0.1,0.4,0.3,3.3,1.9,3.6,6.6,96.7,104
Bryce McGowens,Por,*,G,22.3,8,2.6,25.8,28.9,6,0.833,5,0.8,2,0,0.571,0.674,1.6,0.1,0.1,0.1,0,0.4,1.8,1.8,1.9,3.9,0,0
Jericho Sims,Nyk,,C,26.4,39,10.8,7.5,31.2,13,0.615,46,0.609,0,0,0.609,0.619,1.6,3.3,0.6,0.2,0.3,0.5,4.9,2.2,5.5,5.4,121.9,105.8
Dwight Powell,Dal,*,F-C,33.6,36,8.2,7.2,24.8,31,0.645,26,0.692,1,1,0.722,0.726,1.6,2,0.8,0.3,0.5,0.3,3.7,2.4,4.5,6.7,148.9,101.6
Tristan Thompson,Cle,*,C-F,34,31,7.5,13,18,22,0.227,47,0.468,3,0,0.44,0.411,1.6,2.8,0.6,0,0.3,0.4,4.4,2.2,5.1,7.4,98,99.5
Quincy Olivari,Lal,*,G,23.8,2,5.2,25.6,16.7,0,0,0,0,5,0.2,0.3,0.3,1.5,0,0.5,0,0,0.5,1.5,2,2,0,61.3,122.9
Jazian Gortman,Dal,*,G,22,16,3.5,22.5,17.7,4,0.5,12,0.417,11,0.364,0.478,0.485,1.5,0.3,0.4,0.1,0.1,0.3,1.8,1.9,2.2,6.5,0,0
Jordan Walsh,Bos,*,G,21,40,7.7,10.6,13,12,0.583,20,0.5,40,0.275,0.442,0.46,1.5,1.1,0.3,0.2,0.2,0.2,2.6,1.8,2.9,4.1,101.5,108.7
Adam Flagler,Okc,*,G,25.3,23,4.1,25.9,1.8,0,0,11,0.455,45,0.178,0.304,0.304,1.5,0.3,0,0.2,0.1,0,1.8,1.5,1.8,0,68.2,105.1
Matt Ryan,Nyk,*,F,27.9,19,3.6,22.3,8.7,2,1,12,0.333,19,0.316,0.419,0.439,1.5,0.4,0.2,0.1,0,0.2,1.9,1.6,2.1,5.5,0,0
Alex Ducas,Okc,*,G,24.2,16,4.6,13.8,8.3,0,0,6,0.167,16,0.438,0.523,0.523,1.4,0.9,0.1,0.1,0,0.1,2.4,1.6,2.5,4.4,109.5,105.7
Bronny James,Lal,*,G,20.4,17,4.2,22.5,15,9,0.667,15,0.267,13,0.231,0.304,0.36,1.4,0.4,0.5,0.2,0.1,0.3,1.8,1.8,2.2,6.2,78.5,107.9
Colin Castleton,Mem,*,C,24.8,10,4.6,13.7,8.8,11,0.909,6,0.333,4,0,0.2,0.472,1.4,0.9,0,0.1,0.1,0.1,2.3,1.4,2.3,0,110.8,104.2
Alex Len,Sac,,C,31.7,36,7.2,9.5,21.1,13,0.538,35,0.6,6,0.167,0.549,0.557,1.4,1.8,0.8,0.2,0.5,0.3,3.2,2.3,4.1,7,123,103.2
Sidy Cissoko,San,,G,20.9,17,3.2,17.7,10,6,0.167,11,0.545,7,0.429,0.583,0.533,1.3,0.6,0.4,0.1,0,0.1,1.9,1.6,2.2,8.5,0,0
JD Davison,Bos,*,G,22.4,7,4.6,20.7,44.9,5,0.8,3,0.333,4,0.25,0.357,0.489,1.3,0.4,0.3,0.3,0,0.9,1.7,1.6,2,4.7,66.4,110.8
Jack McVeigh,Hou,*,G-F,28.7,6,3.6,23.1,8.3,0,0,3,0.333,8,0.25,0.364,0.364,1.3,0.7,0.2,0,0.2,0.2,2,1.5,2.2,6.3,0,0
Delon Wright,Nyk,*,G,32.8,3,4.3,12.7,0,4,0.5,1,1,1,0,0.5,0.532,1.3,0.3,0.7,0.3,0.3,0,1.7,2,2.3,6,130.8,117.7
Alex Len,Lal,*,C,31.7,3,11.8,6.2,0,0,0,5,0.4,0,0,0.4,0.4,1.3,3,0.7,0,0.3,0,4.3,2,5,4.7,117.8,104.3
Yuki Kawamura,Mem,*,G,23.8,20,3.2,18.1,15.2,6,0.667,6,0.667,16,0.25,0.455,0.487,1.2,0.4,0.7,0.1,0,0.2,1.6,1.9,2.3,8.7,0,0
Isaiah Crawford,Sac,*,F,23.3,6,4.1,12.1,0,2,0.5,4,0.75,2,0,0.5,0.509,1.2,1.2,0,0.2,0.2,0,2.3,1.2,2.3,0,105,109.4
Chris Livingston,Mil,*,F,21.4,12,4.8,15.8,27.3,6,0.667,9,0.556,4,0,0.385,0.448,1.2,1.6,0.1,0.3,0,0.4,2.8,1.3,2.8,4.8,87.2,103.5
Maxwell Lewis,Bro,*,F,22.6,5,4.1,17.2,12.5,0,0,3,0,4,0.5,0.429,0.429,1.2,1.4,0.2,0,0,0.2,2.6,1.4,2.8,6.8,88.4,105.4
Colby Jones,Sac,*,G,22.8,24,5.4,10.8,21.2,0,0,16,0.438,10,0.4,0.5,0.5,1.1,1,0.3,0.3,0.3,0.3,2,1.4,2.3,5.1,97.6,107.3
Yuri Collins,Gol,*,G,24,2,8.2,7.7,0,0,0,3,0.333,0,0,0.333,0.333,1,1.5,2,1,0,0,2.5,3,4.5,7,137.9,79.6
Jaylen Martin,Bro,,G,21.1,3,1.6,18.6,0,0,0,1,0,1,1,0.75,0.75,1,0,0,0,0,0,1,1,1,0,0,0
PJ Hall,Den,*,C,23,15,3.1,16.3,12.2,4,0.75,9,0.667,5,0,0.429,0.476,1,1.1,0.2,0,0.1,0.1,2.1,1.2,2.3,7.8,0,0
Reece Beekman,Gol,,G,23.4,2,2.1,10.2,0,0,0,1,1,0,0,1,1,1,0.5,0.5,0.5,0,0,1.5,1.5,2,12,0,0
Trey Alexander,Den,*,G,21.8,18,4.4,14.9,10.9,2,1,14,0.357,10,0.2,0.333,0.362,1,0.5,0.4,0.1,0.1,0.2,1.5,1.4,1.9,5.3,81.8,109.7
Jared Rhoden,Cha,,G,25.5,4,2.9,32.5,11.1,0,0,6,0.333,2,0,0.25,0.25,1,1,0.5,0.3,0,0.3,2,1.5,2.5,10.9,0,0
Elfrid Payton,Cha,*,G,31,6,20.6,9.6,25,0,0,21,0.143,0,0,0.143,0.143,1,2.2,3.3,1,0.5,1.2,3.2,4.3,6.5,3.8,61.9,108.5
Emoni Bates,Cle,*,F,21.1,7,3.9,21.7,0,0,0,3,0,11,0.182,0.214,0.214,0.9,0,0.6,0.1,0,0,0.9,1.4,1.4,0,0,0
Luke Travers,Cle,*,F,23.5,9,6.1,13.2,30.4,2,1,7,0.429,4,0,0.273,0.337,0.9,1.3,0.6,0.1,0.1,0.6,2.2,1.4,2.8,5.8,82.2,108.6
Xavier Tillman,Bos,*,F,26.1,28,7.2,11.7,20.7,2,0.5,18,0.333,24,0.167,0.286,0.292,0.9,1.4,0.3,0.3,0.2,0.4,2.3,1.1,2.5,4,66.8,105.4
Joe Ingles,Min,*,F-G,37.4,17,6.3,11.2,28.6,0,0,7,0.429,13,0.231,0.375,0.375,0.9,0.6,1.3,0.1,0,0.5,1.5,2.2,2.8,5.6,92.8,107.7
Jalen Bridges,Pho,*,F,23.8,5,5,15.6,48.7,2,0.5,0,0,4,0.25,0.375,0.41,0.8,0.6,0,0,0,0.8,1.4,0.8,1.4,0,42.7,124.4
Baylor Scheierman,Bos,*,G,24.4,15,6,13,3.9,4,0.75,9,0.333,15,0.067,0.188,0.233,0.8,1.3,0.5,0.2,0,0.1,2.1,1.3,2.6,5.4,73.7,105.6
D.J. Carton,Tor,*,G,24.6,4,8.4,14.5,35,1,1,4,0.25,3,0,0.143,0.202,0.8,1,0.8,0.5,0,1,1.8,1.5,2.5,4.1,42.5,116.8
Josh Christopher,Mia,*,G,23.2,8,3.5,20.5,35.7,4,0.5,6,0.333,1,0,0.286,0.342,0.8,0.4,0.5,0,0.1,0.5,1.1,1.3,1.6,6.2,0,0
Jordan McLaughlin,San,*,G,28.9,4,2.5,4.3,0,0,0,0,0,1,1,1.5,1.5,0.8,0,1.3,0.3,0,0,0.8,2,2,0,0,0
PJ Dozier,Min,*,G-F,28.3,9,3.9,8.2,24.5,6,0.167,0,0,3,0.667,1,0.621,0.8,0.6,0.6,0.1,0,0.1,1.3,1.3,1.9,6.8,0,0
James Johnson,Ind,*,F,38,10,3.2,18.3,30.8,1,0,6,0.667,3,0,0.444,0.424,0.8,0.5,0.4,0,0.2,0.4,1.3,1.2,1.7,6.8,0,0
RayJ Dennis,Ind,*,G,23.9,7,2.2,25.1,35.5,2,1,1,0,4,0.25,0.3,0.425,0.7,0.6,0.3,0.3,0,0.4,1.3,1,1.6,9.1,0,0
Ulrich Chomche,Tor,*,C,19.2,7,4.6,10.4,27.7,2,0.5,5,0.4,0,0,0.4,0.425,0.7,1.1,0.3,0,0.1,0.3,1.9,1,2.1,5.3,95.5,105.7
Liam Robbins,Mil,*,C,25.6,13,4.4,14.1,42.2,10,0.5,6,0.333,2,0,0.25,0.363,0.7,0.9,0.2,0.2,0.2,0.5,1.6,0.8,1.8,4.6,78.5,100.1
Cui Yongxi,Bro,*,F,21.8,5,2.1,33.4,0,2,0.5,4,0.25,3,0,0.143,0.19,0.6,0.4,0,0,0,0,1,0.6,1,0,0,0
Tristen Newton,Ind,,G,23.9,5,1.6,39.8,13.4,1,1,3,0.333,3,0,0.167,0.233,0.6,0,0.2,0,0,0.2,0.6,0.8,0.8,0,0,0
Maxwell Lewis,Lal,,F,22.6,7,4.2,12,25,0,0,6,0.333,0,0,0.333,0.333,0.6,0.3,0.3,0.1,0,0.3,0.9,0.9,1.1,3.6,77.2,117.2
Stanley Umude,Mil,*,G,25.9,19,3.2,17.2,9,4,0.5,9,0.222,11,0.182,0.25,0.276,0.6,0.7,0.1,0.2,0.1,0.1,1.4,0.7,1.5,4.3,0,0
Lindy Waters III,Det,*,F,27.6,5,4.7,16.1,11.1,0,0,0,0,8,0.125,0.188,0.188,0.6,0.2,0.2,0.2,0,0.2,0.8,0.8,1,2.5,52.2,106.5
Garrett Temple,Tor,*,G-F,38.8,17,3.9,13.3,20.6,4,1,8,0.25,7,0.143,0.233,0.328,0.6,0.6,0.6,0.4,0.1,0.2,1.2,1.3,1.9,6.2,0,0
Spencer Jones,Den,*,F,23.7,12,2.8,13.8,18.2,0,0,3,0.333,6,0.167,0.278,0.278,0.4,0.5,0,0.3,0,0.2,0.9,0.4,0.9,0,0,0
Jacob Toppin,Nyk,*,F,24.8,16,3,10.7,16.7,0,0,8,0.375,2,0,0.3,0.3,0.4,0.7,0.3,0.1,0,0.1,1.1,0.6,1.3,5.8,0,0
Malevy Leons,Okc,*,F,25.4,6,3.5,9.6,31.1,4,0.5,1,0,1,0,0,0.266,0.3,0.5,0.2,0,0,0.2,0.8,0.5,1,3.6,0,0
Daishen Nix,Min,*,G,23,3,4.4,19.3,76.6,2,0.5,0,0,1,0,0,0.266,0.3,1.3,1,0,0,1.3,1.7,1.3,2.7,6.6,43.6,103.7
Sidy Cissoko,Por,*,G,20.9,1,4,10.5,100,0,0,0,0,0,0,0,0,0,0,0,0,0,1,0,0,0,0,0,98.6
Daniss Jenkins,Det,*,G,23.5,5,2,21.3,20,0,0,0,0,4,0,0,0,0,0,0,0,0,0.2,0,0,0,0,0,0
Riley Minix,San,*,F,24.4,1,6.8,6.3,0,0,0,0,0,1,0,0,0,0,2,0,0,0,0,2,0,2,0,0,115.8
Zyon Pullin,Mem,*,G,24,3,0.9,15.4,0,0,0,1,0,0,0,0,0,0,0,0,0,0,0,0,0,0,0,0,0
Tristen Newton,Min,*,G,23.9,3,2.7,16.2,33.3,0,0,2,0,0,0,0,0,0,1.3,0.3,0.3,0,0.3,1.3,0.3,1.7,0,0,0
Jaylen Martin,Was,*,G,21.1,1,1.7,49.2,0,0,0,2,0,0,0,0,0,0,2,0,0,0,0,2,0,2,0,0,0
Bobi Klintman,Det,*,F,22,6,2.9,7.3,33.3,0,0,1,0,1,0,0,0,0,0.7,0.2,0,0.2,0.2,0.7,0.2,0.8,0,0,0
Cole Swider,Det,*,F,25.8,2,6.6,16.1,0,0,0,0,0,5,0,0,0,0,1,0.5,0,0,0,1,0.5,1.5,0,15.2,110.5
Justin Minaya,Por,*,F,25.9,6,2.9,2.4,0,0,0,1,0,0,0,0,0,0,0.5,0.3,0.2,0,0,0.5,0.3,0.8,0,0,0
Jared Rhoden,Tor,*,G,25.5,1,1.2,35.3,0,0,0,1,0,0,0,0,0,0,0,0,0,0,0,0,0,0,0,0,0
Harrison Ingram,San,*,F,22.3,2,5.3,8.1,0,0,0,1,0,1,0,0,0,0,1,0,0,0,0,1,0,1,0,0,108.8
Mac McClung,Orl,*,G,26.2,1,4.9,0,0,0,0,0,0,0,0,0,0,0,1,2,0,0,0,1,2,3,0,0,115
Jalen McDaniels,Was,*,F,27.1,4,1.9,0,0,0,0,0,0,0,0,0,0,0,0,0.3,0.3,0,0,0,0.3,0.3,0,0,0
Chuma Okeke,Phi,*,F,26.5,1,2.2,0,0,0,0,0,0,0,0,0,0,0,1,0,0,0,0,1,0,1,0,0,0
Marvin Bagley III,Mem,*,F,26,1,1.5,0,0,0,0,0,0,0,0,0,0,0,0,0,0,0,0,0,0,0,0,0,0
Jahlil Okafor,Ind,*,C-F,29.2,1,3.4,0,0,0,0,0,0,0,0,0,0,0,1,1,0,0,0,1,1,2,0,0,0
